Dates,USDBRL,BCN3M
1/3/2011,1.6496,314.49
1/4/2011,1.6618,313
1/5/2011,1.6746,297.5
1/6/2011,1.6861,294.75
1/7/2011,1.6875,306.75
1/10/2011,1.689,324.75
1/11/2011,1.6881,332.5
1/12/2011,1.6754,324.75
1/13/2011,1.6677,391.75
1/14/2011,1.6844,351.25
1/17/2011,1.6823,345.5
1/18/2011,1.6764,365.5
1/19/2011,1.6732,365.5
1/20/2011,1.6738,352.99
1/21/2011,1.6684,340.75
1/24/2011,1.6713,347.51
1/25/2011,1.672,297.34
1/26/2011,1.6703,329.74
1/27/2011,1.6785,325.75
1/28/2011,1.6846,318.75
1/31/2011,1.6736,337.24
2/1/2011,1.6624,339
2/2/2011,1.6674,342
2/3/2011,1.6696,345
2/4/2011,1.6734,332.5
2/7/2011,1.6772,324.5
2/8/2011,1.6655,344
2/9/2011,1.6602,328.99
2/10/2011,1.67,351
2/11/2011,1.666,317
2/14/2011,1.6675,328.99
2/15/2011,1.6692,338
2/16/2011,1.6714,326
2/17/2011,1.6626,327
2/18/2011,1.6635,330.49
2/21/2011,1.6668,313.51
2/22/2011,1.6708,304.5
2/23/2011,1.6754,307.99
2/24/2011,1.664,333.25
2/25/2011,1.6751,278.5
2/28/2011,1.6632,316.5
3/1/2011,1.6633,303.99
3/2/2011,1.6595,308.5
3/3/2011,1.651,328.5
3/4/2011,1.6435,333.5
3/7/2011,1.6435,333.5
3/8/2011,1.6435,333.5
3/9/2011,1.6547,327
3/10/2011,1.6617,329.5
3/11/2011,1.6647,335.75
3/14/2011,1.66,335.25
3/15/2011,1.666,348.01
3/16/2011,1.6756,378.5
3/17/2011,1.6784,362.01
3/18/2011,1.6652,352.5
3/21/2011,1.666,347
3/22/2011,1.6598,332.5
3/23/2011,1.6608,338.5
3/24/2011,1.659,332.75
3/25/2011,1.6599,328.75
3/28/2011,1.6629,325.5
3/29/2011,1.6463,330
3/30/2011,1.6291,328.01
3/31/2011,1.6325,325
4/1/2011,1.6066,302
4/4/2011,1.6076,357.74
4/5/2011,1.6095,296.5
4/6/2011,1.6146,282.5
4/7/2011,1.5867,248
4/8/2011,1.573,245.5
4/11/2011,1.5833,254.5
4/12/2011,1.5947,254.75
4/13/2011,1.5868,286.01
4/14/2011,1.5781,265
4/15/2011,1.5767,257.01
4/18/2011,1.5893,250.5
4/19/2011,1.5772,239
4/20/2011,1.566,221
4/21/2011,1.566,220.5
4/22/2011,1.566,220.5
4/25/2011,1.5696,227.5
4/26/2011,1.5625,215.75
4/27/2011,1.5659,190.01
4/28/2011,1.5778,151
4/29/2011,1.5743,173
5/2/2011,1.5884,169.75
5/3/2011,1.5866,243.5
5/4/2011,1.6176,260.5
5/5/2011,1.6221,286
5/6/2011,1.6155,270
5/9/2011,1.6142,278.25
5/10/2011,1.6038,271.5
5/11/2011,1.6219,289.5
5/12/2011,1.6195,291.5
5/13/2011,1.6367,315.5
5/16/2011,1.6353,318.01
5/17/2011,1.6165,318
5/18/2011,1.6097,307.25
5/19/2011,1.6164,299.01
5/20/2011,1.6236,180.36
5/23/2011,1.6333,300.5
5/24/2011,1.624,289.5
5/25/2011,1.6297,289.49
5/26/2011,1.615,318
5/27/2011,1.5948,319.5
5/30/2011,1.5939,430.75
5/31/2011,1.5805,305.5
6/1/2011,1.5942,302.13
6/2/2011,1.5746,295.5
6/3/2011,1.575,303
6/6/2011,1.5839,277.25
6/7/2011,1.5797,290
6/8/2011,1.5831,296
6/9/2011,1.5832,308.5
6/10/2011,1.5968,309.51
6/13/2011,1.5837,318.5
6/14/2011,1.5837,321.5
6/15/2011,1.6002,323.76
6/16/2011,1.6029,328.25
6/17/2011,1.5974,327.76
6/20/2011,1.597,332.76
6/21/2011,1.5861,338.25
6/22/2011,1.591,334.76
6/23/2011,1.591,339.76
6/24/2011,1.6047,341.01
6/27/2011,1.5943,344.25
6/28/2011,1.5764,340.75
6/29/2011,1.5706,331.5
6/30/2011,1.5635,339.75
7/1/2011,1.556,300.75
7/4/2011,1.553,286.75
7/5/2011,1.5646,295
7/6/2011,1.5697,319.5
7/7/2011,1.5537,321
7/8/2011,1.5624,343.01
7/11/2011,1.5773,300
7/12/2011,1.5791,321
7/13/2011,1.5751,316.25
7/14/2011,1.5792,308.76
7/15/2011,1.5743,312
7/18/2011,1.5742,303.25
7/19/2011,1.5633,296.75
7/20/2011,1.5658,290.76
7/21/2011,1.5523,279.5
7/22/2011,1.552,260.75
7/25/2011,1.5398,241.75
7/26/2011,1.5391,252.75
7/27/2011,1.555,282
7/28/2011,1.5675,290.76
7/29/2011,1.5497,306
8/1/2011,1.5658,304.75
8/2/2011,1.5684,283.5
8/3/2011,1.5591,259
8/4/2011,1.5888,264.01
8/5/2011,1.5778,260
8/8/2011,1.6256,303.5
8/9/2011,1.5885,309.76
8/10/2011,1.6246,307.01
8/11/2011,1.6242,350
8/12/2011,1.611,298.5
8/15/2011,1.5895,285
8/16/2011,1.5902,268.01
8/17/2011,1.5882,248.5
8/18/2011,1.599,260.51
8/19/2011,1.5995,259.75
8/22/2011,1.6066,250.25
8/23/2011,1.5971,254.5
8/24/2011,1.6131,234
8/25/2011,1.6098,254.5
8/26/2011,1.6033,215.01
8/29/2011,1.5914,275.75
8/30/2011,1.5944,238
8/31/2011,1.5896,246.75
9/1/2011,1.6197,258.76
9/2/2011,1.6409,287.5
9/5/2011,1.645,288.75
9/6/2011,1.657,304.75
9/7/2011,1.657,282.5
9/8/2011,1.6602,299.25
9/9/2011,1.6736,301.75
9/12/2011,1.7028,324
9/13/2011,1.7097,315
9/14/2011,1.7149,329
9/15/2011,1.7072,320.25
9/16/2011,1.7327,336
9/19/2011,1.7979,362.44
9/20/2011,1.7855,350
9/21/2011,1.875,367.66
9/22/2011,1.905,347.97
9/23/2011,1.834,311.16
9/26/2011,1.8242,302.5
9/27/2011,1.8057,330.78
9/28/2011,1.8408,340.59
9/29/2011,1.8403,360.39
9/30/2011,1.8792,355.7
10/3/2011,1.8909,357.78
10/4/2011,1.8581,355
10/5/2011,1.8325,360.35
10/6/2011,1.781,364.14
10/7/2011,1.772,354.6
10/10/2011,1.7632,340.53
10/11/2011,1.7757,373.24
10/12/2011,1.7757,365
10/13/2011,1.751,359.95
10/14/2011,1.7328,355.73
10/17/2011,1.7741,354.33
10/18/2011,1.7543,363.64
10/19/2011,1.7745,367.73
10/20/2011,1.7809,362.54
10/21/2011,1.7757,355.43
10/24/2011,1.7508,346.02
10/25/2011,1.766,343.32
10/26/2011,1.7587,350.84
10/27/2011,1.7098,347
10/28/2011,1.6721,353.45
10/31/2011,1.7173,374
11/1/2011,1.7446,374.44
11/2/2011,1.7446,379.5
11/3/2011,1.7368,365.53
11/4/2011,1.7517,365
11/7/2011,1.7475,362.7
11/8/2011,1.7327,363.49
11/9/2011,1.7793,365.79
11/10/2011,1.7615,362.91
11/11/2011,1.7429,359.84
11/14/2011,1.7675,369
11/15/2011,1.7675,322.71
11/16/2011,1.7701,376.8
11/17/2011,1.7795,352.5
11/18/2011,1.7865,354.96
11/21/2011,1.8071,363.01
11/22/2011,1.8186,369.66
11/23/2011,1.8659,375.44
11/24/2011,1.8982,349.64
11/25/2011,1.8918,352
11/28/2011,1.8616,336.5
11/29/2011,1.8454,352.48
11/30/2011,1.8085,342.9
12/1/2011,1.8002,349.5
12/2/2011,1.7907,342.16
12/5/2011,1.7861,340
12/6/2011,1.7912,359.85
12/7/2011,1.7996,356.13
12/8/2011,1.8244,358.5
12/9/2011,1.7982,362.03
12/12/2011,1.844,363
12/13/2011,1.8638,371.48
12/14/2011,1.8797,359.49
12/15/2011,1.8601,348.54
12/16/2011,1.8512,351.03
12/19/2011,1.8673,338
12/20/2011,1.8452,357.5
12/21/2011,1.8589,333
12/22/2011,1.8527,330
12/23/2011,1.8564,337
12/26/2011,1.8568,341.62
12/27/2011,1.86,342.74
12/28/2011,1.8731,354.5
12/29/2011,1.8663,357.69
12/30/2011,1.8663,369.5
1/2/2012,1.8767,361.72
1/3/2012,1.8308,366.94
1/4/2012,1.8327,355.48
1/5/2012,1.8433,364.48
1/6/2012,1.8569,360
1/9/2012,1.8329,363
1/10/2012,1.7996,357.86
1/11/2012,1.8021,358.87
1/12/2012,1.7789,358
1/13/2012,1.7864,376.94
1/16/2012,1.7863,363.14
1/17/2012,1.7875,356.5
1/18/2012,1.767,353.54
1/19/2012,1.765,341
1/20/2012,1.7552,337
1/23/2012,1.755,344.21
1/24/2012,1.7587,333
1/25/2012,1.765,334
1/26/2012,1.7497,330.5
1/27/2012,1.7355,344
1/30/2012,1.7491,355.49
1/31/2012,1.7471,348.5
2/1/2012,1.7343,356.07
2/2/2012,1.7187,344.5
2/3/2012,1.7179,339
2/6/2012,1.7258,328.68
2/7/2012,1.7258,318.58
2/8/2012,1.7217,319.5
2/9/2012,1.716,332.5
2/10/2012,1.7222,340.5
2/13/2012,1.7163,327
2/14/2012,1.7248,346.61
2/15/2012,1.729,338
2/16/2012,1.7165,351.76
2/17/2012,1.7138,348.44
2/20/2012,1.7138,337.5
2/21/2012,1.7138,306.58
2/22/2012,1.7058,349
2/23/2012,1.7138,348.5
2/24/2012,1.7098,343.5
2/27/2012,1.7069,360.49
2/28/2012,1.6958,354
2/29/2012,1.7177,362.28
3/1/2012,1.7136,366.34
3/2/2012,1.7305,341.12
3/5/2012,1.7394,333.23
3/6/2012,1.7582,346.66
3/7/2012,1.7661,347.32
3/8/2012,1.7606,332.34
3/9/2012,1.7914,368.5
3/12/2012,1.7968,359.46
3/13/2012,1.7925,362.91
3/14/2012,1.8047,361.47
3/15/2012,1.7982,365.48
3/16/2012,1.7997,354.87
3/19/2012,1.8209,336.95
3/20/2012,1.8143,334.15
3/21/2012,1.818,335.87
3/22/2012,1.819,337.76
3/23/2012,1.81,350.66
3/26/2012,1.8172,341.31
3/27/2012,1.8215,342.98
3/28/2012,1.8259,326.1
3/29/2012,1.8214,338
3/30/2012,1.8263,393.66
4/2/2012,1.8325,387.14
4/3/2012,1.8249,314.2
4/4/2012,1.8263,320.34
4/5/2012,1.8202,328.26
4/6/2012,1.8202,320.64
4/9/2012,1.818,324.52
4/10/2012,1.8335,326.9
4/11/2012,1.8358,315.2
4/12/2012,1.8271,310.58
4/13/2012,1.8376,311.21
4/16/2012,1.8473,307.71
4/17/2012,1.861,298.76
4/18/2012,1.8786,293.83
4/19/2012,1.8807,300.23
4/20/2012,1.8726,298.47
4/23/2012,1.881,304.44
4/24/2012,1.8788,306.35
4/25/2012,1.8797,306.96
4/26/2012,1.8854,314.21
4/27/2012,1.8878,321.94
4/30/2012,1.9073,332.96
5/1/2012,1.9073,317.5
5/2/2012,1.924,327.2
5/3/2012,1.911,332.14
5/4/2012,1.9276,323.86
5/7/2012,1.9195,326.54
5/8/2012,1.9403,330.83
5/9/2012,1.9697,341.68
5/10/2012,1.9532,339.67
5/11/2012,1.9668,341.5
5/14/2012,1.9959,330.25
5/15/2012,2.0017,324.48
5/16/2012,2.0009,327.45
5/17/2012,2.009,329.39
5/18/2012,2.0236,317.44
5/21/2012,2.0418,323.06
5/22/2012,2.0906,342.42
5/23/2012,2.031,323.12
5/24/2012,2.0284,317.59
5/25/2012,1.9845,307.26
5/28/2012,1.9832,318.73
5/29/2012,1.9926,307.57
5/30/2012,2.016,317.95
5/31/2012,2.0226,324.8
6/1/2012,2.0401,321.54
6/4/2012,2.0585,324.2
6/5/2012,2.0247,312.73
6/6/2012,2.0328,331.78
6/7/2012,2.0328,322.5
6/8/2012,2.0241,320.05
6/11/2012,2.0653,329.99
6/12/2012,2.0688,335.6
6/13/2012,2.0721,347.28
6/14/2012,2.0563,327.68
6/15/2012,2.0484,334.24
6/18/2012,2.059,328.77
6/19/2012,2.0281,326.24
6/20/2012,2.0258,312.02
6/21/2012,2.0563,321.06
6/22/2012,2.0657,326.77
6/25/2012,2.062,331.96
6/26/2012,2.0761,334.95
6/27/2012,2.0754,339.16
6/28/2012,2.0765,334.26
6/29/2012,2.0093,309.13
7/2/2012,1.9849,316.73
7/3/2012,2.0155,330.7
7/4/2012,2.0283,327.03
7/5/2012,2.0194,323.31
7/6/2012,2.0279,318.31
7/9/2012,2.0323,327.5
7/10/2012,2.0336,316.66
7/11/2012,2.0367,314.7
7/12/2012,2.0374,310.71
7/13/2012,2.037,309.84
7/16/2012,2.0349,302.46
7/17/2012,2.0219,309.67
7/18/2012,2.023,307.54
7/19/2012,2.0122,304.1
7/20/2012,2.0235,309.11
7/23/2012,2.0387,311.06
7/24/2012,2.0477,312.73
7/25/2012,2.0331,310.66
7/26/2012,2.0213,310.45
7/27/2012,2.0213,312.53
7/30/2012,2.0404,314.21
7/31/2012,2.0569,323.97
8/1/2012,2.0445,317.31
8/2/2012,2.0496,315.35
8/3/2012,2.0285,294.04
8/6/2012,2.0311,307.3
8/7/2012,2.0285,293.44
8/8/2012,2.0206,313.99
8/9/2012,2.0132,308.56
8/10/2012,2.0153,308.87
8/13/2012,2.0207,301.02
8/14/2012,2.0267,296.67
8/15/2012,2.0229,291.76
8/16/2012,2.017,294.96
8/17/2012,2.0155,297.42
8/20/2012,2.0168,294.32
8/21/2012,2.016,297.93
8/22/2012,2.0162,296.49
8/23/2012,2.0236,293.55
8/24/2012,2.027,296.89
8/27/2012,2.0341,306.15
8/28/2012,2.0428,297.99
8/29/2012,2.0501,288.15
8/30/2012,2.0486,284.31
8/31/2012,2.0297,290.56
9/3/2012,2.033,291.55
9/4/2012,2.0429,281.92
9/5/2012,2.0393,294.15
9/6/2012,2.0285,281.27
9/7/2012,2.0285,290.06
9/10/2012,2.0224,290.19
9/11/2012,2.0164,291.04
9/12/2012,2.0259,288.7
9/13/2012,2.0205,297.76
9/14/2012,2.0123,274.99
9/17/2012,2.032,272.33
9/18/2012,2.0234,281.89
9/19/2012,2.0237,253.77
9/20/2012,2.0214,235.54
9/21/2012,2.0225,238.86
9/24/2012,2.0265,246.42
9/25/2012,2.0314,253.33
9/26/2012,2.036,242.18
9/27/2012,2.0289,246.78
9/28/2012,2.0258,227
10/1/2012,2.0268,230.59
10/2/2012,2.0251,234.42
10/3/2012,2.023,236.46
10/4/2012,2.019,231
10/5/2012,2.0306,235.17
10/8/2012,2.0294,229.26
10/9/2012,2.0337,232.29
10/10/2012,2.0426,243.18
10/11/2012,2.038,243.06
10/12/2012,2.038,243.5
10/15/2012,2.032,247.25
10/16/2012,2.0339,249.5
10/17/2012,2.0317,257.69
10/18/2012,2.028,245.74
10/19/2012,2.027,255
10/22/2012,2.0246,254
10/23/2012,2.0264,258
10/24/2012,2.0258,262.25
10/25/2012,2.025,257
10/26/2012,2.0265,258.51
10/29/2012,2.0321,236.88
10/30/2012,2.0305,254.1
10/31/2012,2.0299,247
11/1/2012,2.03,242.43
11/2/2012,2.03,255
11/5/2012,2.0352,241.77
11/6/2012,2.032,242.14
11/7/2012,2.0345,243.5
11/8/2012,2.0405,240
11/9/2012,2.0464,243.54
11/12/2012,2.0509,246
11/13/2012,2.0584,241
11/14/2012,2.0666,257
11/15/2012,2.0666,249.5
11/16/2012,2.0847,263
11/19/2012,2.0789,261.5
11/20/2012,2.081,255
11/21/2012,2.0984,258.02
11/22/2012,2.1044,254.59
11/23/2012,2.0816,247
11/26/2012,2.0814,257
11/27/2012,2.0838,257.5
11/28/2012,2.0939,250.5
11/29/2012,2.0987,262.09
11/30/2012,2.136,258.13
12/3/2012,2.1233,264.5
12/4/2012,2.1199,266.99
12/5/2012,2.0879,265
12/6/2012,2.0771,264.69
12/7/2012,2.075,262
12/10/2012,2.077,258.5
12/11/2012,2.0786,259.5
12/12/2012,2.0719,253.7
12/13/2012,2.0856,255
12/14/2012,2.0861,249.24
12/17/2012,2.0995,255.85
12/18/2012,2.0889,260
12/19/2012,2.0716,265.25
12/20/2012,2.0695,264.5
12/21/2012,2.0792,250
12/24/2012,2.08,250
12/25/2012,2.08,246.17
12/26/2012,2.0492,246
12/27/2012,2.0435,229
12/28/2012,2.0428,247
12/31/2012,2.0428,238.5
1/1/2013,2.0428,240.63
1/2/2013,2.0454,252
1/3/2013,2.0457,252.25
1/4/2013,2.0325,256
1/7/2013,2.0278,259
1/8/2013,2.0408,263.33
1/9/2013,2.0406,253.5
1/10/2013,2.0288,257
1/11/2013,2.0338,251
1/14/2013,2.0315,251.5
1/15/2013,2.0357,252.5
1/16/2013,2.0423,254
1/17/2013,2.0397,248.89
1/18/2013,2.0414,251.5
1/21/2013,2.0414,248.82
1/22/2013,2.0428,241.54
1/23/2013,2.0354,226
1/24/2013,2.0301,234
1/25/2013,2.031,229
1/28/2013,1.9955,223
1/29/2013,1.9857,213.5
1/30/2013,1.9893,217.5
1/31/2013,1.9916,225.01
2/1/2013,1.988,222.32
2/4/2013,1.9955,210
2/5/2013,1.984,211.79
2/6/2013,1.9913,207.5
2/7/2013,1.9667,216
2/8/2013,1.9718,218
2/11/2013,1.9718,219
2/12/2013,1.9718,220.5
2/13/2013,1.9646,220.5
2/14/2013,1.9573,221.19
2/15/2013,1.9693,205
2/18/2013,1.9633,197.58
2/19/2013,1.9554,205
2/20/2013,1.9621,191.1
2/21/2013,1.9728,203.74
2/22/2013,1.9726,203.35
2/25/2013,1.9835,197
2/26/2013,1.9822,205.5
2/27/2013,1.9729,217.91
2/28/2013,1.9775,215.2
3/1/2013,1.98,215.79
3/4/2013,1.9698,206.48
3/5/2013,1.964,214.79
3/6/2013,1.9703,211.5
3/7/2013,1.9584,212.5
3/8/2013,1.9439,208
3/11/2013,1.9564,210.62
3/12/2013,1.9646,211.97
3/13/2013,1.9718,204.26
3/14/2013,1.9717,196.26
3/15/2013,1.9828,200.04
3/18/2013,1.9829,202.16
3/19/2013,1.9849,200.61
3/20/2013,1.9898,204.39
3/21/2013,2.0078,208.57
3/22/2013,2.0079,211.18
3/25/2013,2.0131,210.02
3/26/2013,2.0169,215.76
3/27/2013,2.0109,218.14
3/28/2013,2.0219,222.3
3/29/2013,2.0219,214.1
4/1/2013,2.0211,224.94
4/2/2013,2.019,233.08
4/3/2013,2.0248,231.32
4/4/2013,2.0155,234.02
4/5/2013,1.9854,237.83
4/8/2013,1.9916,236.92
4/9/2013,1.9813,229.57
4/10/2013,1.9736,224.66
4/11/2013,1.9748,221.54
4/12/2013,1.9686,222.25
4/15/2013,2.0021,242.08
4/16/2013,1.9884,235.73
4/17/2013,2.0006,240.55
4/18/2013,2.019,235.78
4/19/2013,2.0111,239.29
4/22/2013,2.021,235.13
4/23/2013,2.0238,231.81
4/24/2013,2.0105,232.48
4/25/2013,2.0015,238.09
4/26/2013,1.9987,252
4/29/2013,2.0075,271.43
4/30/2013,2.0014,268.42
5/1/2013,2.0014,262.86
5/2/2013,2.0088,267.35
5/3/2013,2.0098,270.06
5/6/2013,2.0093,268.41
5/7/2013,2.0077,267.87
5/8/2013,2.0055,269.31
5/9/2013,2.014,268.84
5/10/2013,2.0204,273.62
5/13/2013,2.0077,281.91
5/14/2013,2.0208,286.77
5/15/2013,2.0222,288.77
5/16/2013,2.0268,295.01
5/17/2013,2.0351,301.44
5/20/2013,2.0399,307.28
5/21/2013,2.0395,308.27
5/22/2013,2.0495,307.14
5/23/2013,2.0437,320.93
5/24/2013,2.0517,331.79
5/27/2013,2.0571,323.14
5/28/2013,2.0749,335.9
5/29/2013,2.1105,345
5/30/2013,2.1105,350
5/31/2013,2.1386,379.69
6/3/2013,2.1244,408.48
6/4/2013,2.1251,386.28
6/5/2013,2.1295,401.02
6/6/2013,2.1298,397.8
6/7/2013,2.132,388.74
6/10/2013,2.1471,384.95
6/11/2013,2.1326,388.99
6/12/2013,2.1558,397.4
6/13/2013,2.1206,378.9
6/14/2013,2.1529,398.61
6/17/2013,2.1712,400.05
6/18/2013,2.1821,393.97
6/19/2013,2.2255,400.97
6/20/2013,2.2575,386.55
6/21/2013,2.2422,384.08
6/24/2013,2.227,381.81
6/25/2013,2.2137,385.39
6/26/2013,2.1867,403.1
6/27/2013,2.1989,413.07
6/28/2013,2.2322,427.2
7/1/2013,2.2294,426.99
7/2/2013,2.2548,433.91
7/3/2013,2.2692,440.88
7/4/2013,2.2491,426.02
7/5/2013,2.2537,431.6
7/8/2013,2.2638,427.18
7/9/2013,2.2601,439
7/10/2013,2.2645,436.14
7/11/2013,2.2548,420.08
7/12/2013,2.2674,432.15
7/15/2013,2.2201,433.92
7/16/2013,2.2537,444.19
7/17/2013,2.2259,433.78
7/18/2013,2.2275,431.93
7/19/2013,2.2469,434.01
7/22/2013,2.2327,429.25
7/23/2013,2.2137,421.67
7/24/2013,2.251,428.54
7/25/2013,2.2426,428
7/26/2013,2.2571,446.66
7/29/2013,2.27,441.58
7/30/2013,2.2832,456.75
7/31/2013,2.2765,454.29
8/1/2013,2.3044,459
8/2/2013,2.2874,448.68
8/5/2013,2.3061,466.2
8/6/2013,2.2992,451.88
8/7/2013,2.3139,481.36
8/8/2013,2.2846,446.33
8/9/2013,2.2716,437.58
8/12/2013,2.2878,441.97
8/13/2013,2.3147,462.38
8/14/2013,2.3247,458.17
8/15/2013,2.3406,465.75
8/16/2013,2.3924,476.79
8/19/2013,2.4127,458.04
8/20/2013,2.3934,477.48
8/21/2013,2.4549,504.83
8/22/2013,2.4361,489.03
8/23/2013,2.3488,454.11
8/26/2013,2.3788,456.3
8/27/2013,2.3721,475.81
8/28/2013,2.3459,468.09
8/29/2013,2.3593,478.28
8/30/2013,2.3855,477.93
9/2/2013,2.3773,488.27
9/3/2013,2.3589,473.47
9/4/2013,2.3599,476.17
9/5/2013,2.3246,462.3
9/6/2013,2.3065,467.15
9/9/2013,2.276,452.08
9/10/2013,2.2831,457.58
9/11/2013,2.2768,454.23
9/12/2013,2.2744,454.22
9/13/2013,2.2801,457.16
9/16/2013,2.2844,450.26
9/17/2013,2.2562,450.38
9/18/2013,2.1858,439.43
9/19/2013,2.2018,438.14
9/20/2013,2.2104,445.59
9/23/2013,2.1983,441.15
9/24/2013,2.2011,445.01
9/25/2013,2.2324,449.77
9/26/2013,2.2455,464.33
9/27/2013,2.2517,468.08
9/30/2013,2.2169,457.85
10/1/2013,2.2158,456.64
10/2/2013,2.1915,460.93
10/3/2013,2.2076,465.93
10/4/2013,2.2119,468.51
10/7/2013,2.2047,464.66
10/8/2013,2.2112,467.67
10/9/2013,2.2067,464.21
10/10/2013,2.1803,461.21
10/11/2013,2.1756,460.51
10/14/2013,2.182,464.7
10/15/2013,2.178,462.42
10/16/2013,2.1803,473.63
10/17/2013,2.1527,453.49
10/18/2013,2.1691,464.3
10/21/2013,2.1751,468
10/22/2013,2.1724,464.23
10/23/2013,2.1906,469.4
10/24/2013,2.2035,474
10/25/2013,2.1878,469.24
10/28/2013,2.1787,468.47
10/29/2013,2.185,472.48
10/30/2013,2.1902,473.21
10/31/2013,2.2399,484.92
11/1/2013,2.2532,485.52
11/4/2013,2.2463,496.7
11/5/2013,2.2891,505
11/6/2013,2.2885,505.22
11/7/2013,2.3062,515.52
11/8/2013,2.3127,510.38
11/11/2013,2.3313,509
11/12/2013,2.3324,517
11/13/2013,2.3347,521.55
11/14/2013,2.3144,517.84
11/15/2013,2.3144,506.5
11/18/2013,2.2641,499.11
11/19/2013,2.271,503
11/20/2013,2.267,505
11/21/2013,2.305,510
11/22/2013,2.2793,516
11/25/2013,2.2839,523
11/26/2013,2.2946,512.38
11/27/2013,2.3305,518.39
11/28/2013,2.3175,502.39
11/29/2013,2.3361,506.28
12/2/2013,2.3533,507
12/3/2013,2.3687,493.62
12/4/2013,2.3901,491.56
12/5/2013,2.3567,490.6
12/6/2013,2.3317,491
12/9/2013,2.3179,481.59
12/10/2013,2.3066,482
12/11/2013,2.342,489.5
12/12/2013,2.3344,485.72
12/13/2013,2.3299,484.71
12/16/2013,2.3287,486.74
12/17/2013,2.319,492.5
12/18/2013,2.3312,489.5
12/19/2013,2.3571,501
12/20/2013,2.3877,496.5
12/23/2013,2.3572,505.5
12/24/2013,2.3598,507.5
12/25/2013,2.3598,506.32
12/26/2013,2.3536,514.6
12/27/2013,2.3383,514.87
12/30/2013,2.3592,518.5
12/31/2013,2.3592,518.5
1/1/2014,2.3592,518.5
1/2/2014,2.3877,535.5
1/3/2014,2.3764,519.09
1/6/2014,2.3798,532.5
1/7/2014,2.3725,530.8
1/8/2014,2.3967,539
1/9/2014,2.3905,546
1/10/2014,2.3585,542.5
1/13/2014,2.3573,537.7
1/14/2014,2.3502,534.58
1/15/2014,2.3597,544
1/16/2014,2.3614,540.5
1/17/2014,2.3426,528
1/20/2014,2.3437,527
1/21/2014,2.3603,529
1/22/2014,2.3731,532
1/23/2014,2.3997,538.5
1/24/2014,2.3976,539
1/27/2014,2.4228,536.5
1/28/2014,2.4215,545.5
1/29/2014,2.4374,539
1/30/2014,2.4088,549.74
1/31/2014,2.4128,549
2/3/2014,2.4402,548.5
2/4/2014,2.4054,540.87
2/5/2014,2.4023,538.3
2/6/2014,2.3818,559
2/7/2014,2.3793,543.73
2/10/2014,2.4101,540.5
2/11/2014,2.4005,545
2/12/2014,2.426,552.5
2/13/2014,2.3937,562
2/14/2014,2.3889,542.5
2/17/2014,2.3901,541
2/18/2014,2.3959,542
2/19/2014,2.3938,546.92
2/20/2014,2.37,553.66
2/21/2014,2.3457,538.38
2/24/2014,2.3412,526.82
2/25/2014,2.3412,526.61
2/26/2014,2.3489,551.29
2/27/2014,2.3191,566
2/28/2014,2.3435,566.08
3/3/2014,2.3435,573
3/4/2014,2.3435,571.92
3/5/2014,2.3186,559.77
3/6/2014,2.3238,572.18
3/7/2014,2.341,579.78
3/10/2014,2.3506,592.79
3/11/2014,2.3639,595.34
3/12/2014,2.3556,583.17
3/13/2014,2.3637,584.04
3/14/2014,2.3467,577.55
3/17/2014,2.3491,583.72
3/18/2014,2.334,571.15
3/19/2014,2.3483,572.32
3/20/2014,2.3279,569.1
3/21/2014,2.325,571.12
3/24/2014,2.3229,570.02
3/25/2014,2.3113,567.61
3/26/2014,2.3028,559.27
3/27/2014,2.2588,545.71
3/28/2014,2.2614,549.74
3/31/2014,2.272,554.83
4/1/2014,2.2609,549.52
4/2/2014,2.2688,554.28
4/3/2014,2.2794,547.07
4/4/2014,2.2358,539.69
4/7/2014,2.2189,538.79
4/8/2014,2.2017,538.51
4/9/2014,2.1869,538.91
4/10/2014,2.207,547.03
4/11/2014,2.2186,550.81
4/14/2014,2.2136,547.79
4/15/2014,2.2325,553.91
4/16/2014,2.2434,572.39
4/17/2014,2.2362,566.6
4/18/2014,2.2362,568.52
4/21/2014,2.2362,568.5
4/22/2014,2.2377,570.85
4/23/2014,2.2219,567.65
4/24/2014,2.2141,563.44
4/25/2014,2.2441,573.93
4/28/2014,2.2234,586.95
4/29/2014,2.2363,610.22
4/30/2014,2.2327,600.16
5/1/2014,2.2327,607.5
5/2/2014,2.222,599.85
5/5/2014,2.2449,607.42
5/6/2014,2.2295,604.28
5/7/2014,2.2166,598.2
5/8/2014,2.2152,594.99
5/9/2014,2.2127,584.91
5/12/2014,2.2143,588.36
5/13/2014,2.2149,587.74
5/14/2014,2.2021,581.52
5/15/2014,2.2188,584.23
5/16/2014,2.2152,582.7
5/19/2014,2.207,580.34
5/20/2014,2.2158,582.78
5/21/2014,2.2072,579.92
5/22/2014,2.221,576.82
5/23/2014,2.2233,581.76
5/26/2014,2.2243,574.57
5/27/2014,2.2379,577.15
5/28/2014,2.2325,566.31
5/29/2014,2.2241,576.4
5/30/2014,2.2413,580.9
6/2/2014,2.2768,592.72
6/3/2014,2.2807,594.47
6/4/2014,2.2784,600.27
6/5/2014,2.2616,597.6
6/6/2014,2.2471,593.91
6/9/2014,2.2288,591.66
6/10/2014,2.222,586.51
6/11/2014,2.2336,589.34
6/12/2014,2.236,595
6/13/2014,2.2243,582.74
6/16/2014,2.2355,583.5
6/17/2014,2.262,591.5
6/18/2014,2.2278,584.65
6/19/2014,2.2278,584
6/20/2014,2.2301,585.11
6/23/2014,2.221,581
6/24/2014,2.2248,585.49
6/25/2014,2.2078,583.84
6/26/2014,2.1967,579.16
6/27/2014,2.1937,578.77
6/30/2014,2.2145,586.42
7/1/2014,2.2018,582.35
7/2/2014,2.2249,590.81
7/3/2014,2.2102,589.09
7/4/2014,2.221,590.14
7/7/2014,2.2257,589.98
7/8/2014,2.212,581
7/9/2014,2.213,588
7/10/2014,2.2214,580
7/11/2014,2.2208,575.46
7/14/2014,2.2107,568.18
7/15/2014,2.2191,568.73
7/16/2014,2.2237,575.64
7/17/2014,2.2582,590.44
7/18/2014,2.2269,578.63
7/21/2014,2.2209,581.32
7/22/2014,2.2129,578.26
7/23/2014,2.2194,570.43
7/24/2014,2.2223,566.75
7/25/2014,2.2303,563.14
7/28/2014,2.2225,569.5
7/29/2014,2.2315,574.55
7/30/2014,2.2456,580.02
7/31/2014,2.2638,588.07
8/1/2014,2.2573,586.32
8/4/2014,2.259,587.08
8/5/2014,2.2815,599.43
8/6/2014,2.2728,601.71
8/7/2014,2.295,613.47
8/8/2014,2.2834,601.95
8/11/2014,2.2754,602.23
8/12/2014,2.2766,601.81
8/13/2014,2.2817,604.43
8/14/2014,2.2665,585.46
8/15/2014,2.2599,583.22
8/18/2014,2.2574,580.19
8/19/2014,2.2467,578.32
8/20/2014,2.262,583.89
8/21/2014,2.2689,584.52
8/22/2014,2.2778,582.56
8/25/2014,2.2885,593.18
8/26/2014,2.2615,577.62
8/27/2014,2.247,573.64
8/28/2014,2.2421,575.62
8/29/2014,2.2362,569.06
9/1/2014,2.2461,570.85
9/2/2014,2.2435,567.43
9/3/2014,2.235,561.76
9/4/2014,2.2431,561.24
9/5/2014,2.2432,560.15
9/8/2014,2.2675,573.73
9/9/2014,2.2846,578.71
9/10/2014,2.2887,581.59
9/11/2014,2.2978,587.21
9/12/2014,2.3387,597.06
9/15/2014,2.3427,596.9
9/16/2014,2.332,595.91
9/17/2014,2.3565,597.54
9/18/2014,2.3647,599.75
9/19/2014,2.3679,595.05
9/22/2014,2.3978,604.9
9/23/2014,2.4126,605.99
9/24/2014,2.3835,591.24
9/25/2014,2.4283,603.62
9/26/2014,2.4203,609.25
9/29/2014,2.4477,615.96
9/30/2014,2.4461,601.47
10/1/2014,2.481,607.07
10/2/2014,2.495,618.04
10/3/2014,2.459,608.34
10/6/2014,2.4263,609.98
10/7/2014,2.3965,602.14
10/8/2014,2.3774,590.54
10/9/2014,2.3986,592.1
10/10/2014,2.429,598.62
10/13/2014,2.3943,577.42
10/14/2014,2.4003,585.28
10/15/2014,2.4525,618.19
10/16/2014,2.4728,612.38
10/17/2014,2.4354,602.47
10/20/2014,2.4649,612.68
10/21/2014,2.4823,618.9
10/22/2014,2.4872,610.3
10/23/2014,2.5,620
10/24/2014,2.4787,612.17
10/27/2014,2.5213,629.41
10/28/2014,2.4605,630
10/29/2014,2.462,613.63
10/30/2014,2.404,638.05
10/31/2014,2.4779,659.08
11/3/2014,2.4955,665
11/4/2014,2.4955,657.83
11/5/2014,2.5079,674
11/6/2014,2.5698,694
11/7/2014,2.5645,690
11/10/2014,2.5525,675.84
11/11/2014,2.5563,683
11/12/2014,2.568,684.48
11/13/2014,2.5887,684.5
11/14/2014,2.6015,676.29
11/17/2014,2.6088,680
11/18/2014,2.5827,669.3
11/19/2014,2.5708,665.72
11/20/2014,2.572,667.5
11/21/2014,2.5159,658
11/24/2014,2.5464,661
11/25/2014,2.5302,649.59
11/26/2014,2.5012,656
11/27/2014,2.5312,662.14
11/28/2014,2.5651,674.19
12/1/2014,2.5603,665
12/2/2014,2.5693,674.17
12/3/2014,2.5534,669.79
12/4/2014,2.5912,687.5
12/5/2014,2.5876,677.5
12/8/2014,2.6005,683
12/9/2014,2.5955,684
12/10/2014,2.6166,683.3
12/11/2014,2.65,688
12/12/2014,2.655,677.34
12/15/2014,2.6957,700
12/16/2014,2.7386,704.5
12/17/2014,2.7151,683
12/18/2014,2.6625,681
12/19/2014,2.6603,648.5
12/22/2014,2.6653,653.98
12/23/2014,2.6951,692
12/24/2014,2.6883,708.5
12/25/2014,2.6883,702.29
12/26/2014,2.6691,656.85
12/29/2014,2.7048,652.5
12/30/2014,2.6582,678
12/31/2014,2.6582,690
1/1/2015,2.6582,690
1/2/2015,2.6941,665
1/5/2015,2.7057,663.25
1/6/2015,2.7006,661.5
1/7/2015,2.6827,684
1/8/2015,2.6623,703.5
1/9/2015,2.6332,700
1/12/2015,2.6738,708.76
1/13/2015,2.6424,686
1/14/2015,2.6171,664.7
1/15/2015,2.6425,659.45
1/16/2015,2.6222,651.96
1/19/2015,2.6509,662.93
1/20/2015,2.6131,646
1/21/2015,2.601,652
1/22/2015,2.5744,658.42
1/23/2015,2.5799,654.01
1/26/2015,2.5837,654.26
1/27/2015,2.5728,648.98
1/28/2015,2.5765,648.58
1/29/2015,2.6039,670
1/30/2015,2.6836,667.39
2/2/2015,2.7272,676
2/3/2015,2.6951,667.8
2/4/2015,2.7416,679.35
2/5/2015,2.7454,721
2/6/2015,2.7817,716
2/9/2015,2.7706,702.02
2/10/2015,2.8323,712.5
2/11/2015,2.8681,716.52
2/12/2015,2.8234,741.41
2/13/2015,2.8342,749
2/16/2015,2.8342,749
2/17/2015,2.8342,746.78
2/18/2015,2.8393,752
2/19/2015,2.8668,804.96
2/20/2015,2.8689,786.68
2/23/2015,2.8787,777.5
2/24/2015,2.8286,748.17
2/25/2015,2.8691,783.03
2/26/2015,2.9064,811
2/27/2015,2.8389,791.67
3/2/2015,2.895,814.39
3/3/2015,2.9314,803.5
3/4/2015,2.9783,829.03
3/5/2015,3.0032,832
3/6/2015,3.0642,847.5
3/9/2015,3.1224,857.49
3/10/2015,3.1014,853.77
3/11/2015,3.1258,856.98
3/12/2015,3.1658,859.8
3/13/2015,3.2486,838.68
3/16/2015,3.2457,878.72
3/17/2015,3.2396,869.47
3/18/2015,3.2106,882.04
3/19/2015,3.292,902.2
3/20/2015,3.2308,879.41
3/23/2015,3.1324,848.48
3/24/2015,3.1396,858.81
3/25/2015,3.2012,872.74
3/26/2015,3.1825,854.19
3/27/2015,3.2499,874.33
3/30/2015,3.2293,877.04
3/31/2015,3.1974,861.27
4/1/2015,3.1657,891.26
4/2/2015,3.1223,890.23
4/3/2015,3.1223,890.23
4/6/2015,3.1262,883.04
4/7/2015,3.1274,890.98
4/8/2015,3.0491,871.32
4/9/2015,3.0578,873.48
4/10/2015,3.0753,874.2
4/13/2015,3.1212,880.24
4/14/2015,3.0634,875.57
4/15/2015,3.0287,869.8
4/16/2015,3.0205,874.85
4/17/2015,3.0408,884.16
4/20/2015,3.0328,882.11
4/21/2015,3.0328,875
4/22/2015,3.0111,891.31
4/23/2015,2.9706,883.93
4/24/2015,2.9512,874.18
4/27/2015,2.9169,874.61
4/28/2015,2.9367,898.18
4/29/2015,2.9608,931.94
4/30/2015,3.0144,953.38
5/1/2015,3.0144,953.5
5/4/2015,3.087,973.66
5/5/2015,3.0562,965.32
5/6/2015,3.0349,944.48
5/7/2015,3.0261,950
5/8/2015,2.9739,933.79
5/11/2015,3.0621,958.92
5/12/2015,3.0199,941.71
5/13/2015,3.0395,950.76
5/14/2015,2.9934,940.78
5/15/2015,2.9931,955.89
5/18/2015,3.005,945.4
5/19/2015,3.039,961.66
5/20/2015,3.0025,948.95
5/21/2015,3.0383,959.59
5/22/2015,3.0943,978.1
5/25/2015,3.0978,970.06
5/26/2015,3.1531,990.09
5/27/2015,3.1395,996.78
5/28/2015,3.1623,1021.18
5/29/2015,3.1787,1030.16
6/1/2015,3.1683,1038.01
6/2/2015,3.1323,1052.07
6/3/2015,3.1334,1028.61
6/4/2015,3.1334,1016
6/5/2015,3.1422,1028.7
6/8/2015,3.1129,1023.16
6/9/2015,3.0969,1016.78
6/10/2015,3.1179,1024.97
6/11/2015,3.0898,1013.53
6/12/2015,3.1185,1032.78
6/15/2015,3.1276,1021.28
6/16/2015,3.0885,1011.8
6/17/2015,3.0568,992.73
6/18/2015,3.0607,1005.21
6/19/2015,3.0978,1015.16
6/22/2015,3.0791,1007.9
6/23/2015,3.0753,1005.83
6/24/2015,3.0971,1013.16
6/25/2015,3.1274,1029.87
6/26/2015,3.1293,1031.67
6/29/2015,3.1176,1036.98
6/30/2015,3.103,1044.95
7/1/2015,3.1492,1053.1
7/2/2015,3.0967,1022.86
7/3/2015,3.1341,1026.31
7/6/2015,3.1376,1018.84
7/7/2015,3.1863,1035.88
7/8/2015,3.2353,1065.31
7/9/2015,3.213,1049
7/10/2015,3.1599,1021.28
7/13/2015,3.1344,1018.03
7/14/2015,3.1393,1024.97
7/15/2015,3.1401,1019.47
7/16/2015,3.1568,1021.64
7/17/2015,3.1881,1020.11
7/20/2015,3.1958,1027.2
7/21/2015,3.1716,1020.06
7/22/2015,3.2231,1029.19
7/23/2015,3.2854,1036.65
7/24/2015,3.3554,1076.83
7/27/2015,3.3637,1082.07
7/28/2015,3.3567,1067.03
7/29/2015,3.3314,1054.22
7/30/2015,3.3713,1065.98
7/31/2015,3.4211,1072.21
8/3/2015,3.4508,1086.02
8/4/2015,3.4711,1070.73
8/5/2015,3.4851,1069.81
8/6/2015,3.5363,1075.91
8/7/2015,3.5071,1094.86
8/10/2015,3.4404,1069.81
8/11/2015,3.4745,1072.27
8/12/2015,3.4807,1094.8
8/13/2015,3.5187,1111.82
8/14/2015,3.482,1105.19
8/17/2015,3.481,1081.07
8/18/2015,3.4681,1082.97
8/19/2015,3.4926,1087.71
8/20/2015,3.4579,1081.11
8/21/2015,3.4998,1091.87
8/24/2015,3.5524,1116.98
8/25/2015,3.6172,1127.57
8/26/2015,3.5968,1107.88
8/27/2015,3.5526,1095.35
8/28/2015,3.5819,1108.33
8/31/2015,3.6198,1117.41
9/1/2015,3.6977,1174.91
9/2/2015,3.7609,1182.41
9/3/2015,3.7397,1191.43
9/4/2015,3.843,1186.84
9/7/2015,3.843,1186.84
9/8/2015,3.8203,1213.4
9/9/2015,3.7792,1200.17
9/10/2015,3.8499,1242.9
9/11/2015,3.8735,1236.57
9/14/2015,3.8156,1215.7
9/15/2015,3.8625,1231.58
9/16/2015,3.8286,1220.16
9/17/2015,3.8986,1226.85
9/18/2015,3.9446,1229.79
9/21/2015,3.9851,1279.18
9/22/2015,4.0504,1272.43
9/23/2015,4.179,1355.53
9/24/2015,3.937,1236.68
9/25/2015,3.9765,1277.19
9/28/2015,4.1106,1376.69
9/29/2015,4.0608,1334
9/30/2015,3.9471,1255.4
10/1/2015,4.0098,1301.81
10/2/2015,3.9325,1274.99
10/5/2015,3.9115,1269.3
10/6/2015,3.8548,1234.97
10/7/2015,3.8857,1242.86
10/8/2015,3.784,1210.95
10/9/2015,3.7662,1215.1
10/12/2015,3.7662,1215.1
10/13/2015,3.8931,1251.57
10/14/2015,3.8126,1251.79
10/15/2015,3.7994,1227.79
10/16/2015,3.9253,1324.73
10/19/2015,3.8864,1284.43
10/20/2015,3.9053,1290
10/21/2015,3.9399,1295.97
10/22/2015,3.907,1292
10/23/2015,3.8771,1272.78
10/26/2015,3.9067,1283.83
10/27/2015,3.8884,1256.75
10/28/2015,3.9048,1186.46
10/29/2015,3.8489,1216
10/30/2015,3.8568,1213.92
11/2/2015,3.8568,1198
11/3/2015,3.7694,1206.37
11/4/2015,3.8009,1171.5
11/5/2015,3.7802,1134.01
11/6/2015,3.7692,1105.5
11/9/2015,3.7993,1118
11/10/2015,3.7476,1127
11/11/2015,3.7609,1128.5
11/12/2015,3.771,1115
11/13/2015,3.8494,1120.5
11/16/2015,3.819,1111.5
11/17/2015,3.8138,1118.5
11/18/2015,3.7648,1105.5
11/19/2015,3.7177,1088.11
11/20/2015,3.708,1100.69
11/23/2015,3.7323,1093.71
11/24/2015,3.699,1070
11/25/2015,3.745,1055
11/26/2015,3.743,1047
11/27/2015,3.8467,1080.08
11/30/2015,3.8685,1111.5
12/1/2015,3.85,1136.5
12/2/2015,3.8366,1138.5
12/3/2015,3.7592,1128
12/4/2015,3.7524,1128.5
12/7/2015,3.768,1118.86
12/8/2015,3.795,1119
12/9/2015,3.7502,1093.5
12/10/2015,3.8134,1110.5
12/11/2015,3.8739,1143.5
12/14/2015,3.8733,1158
12/15/2015,3.871,1158.5
12/16/2015,3.8816,1159.5
12/17/2015,3.8776,1166.5
12/18/2015,3.9833,1210.5
12/21/2015,4.0112,1240.5
12/22/2015,3.9886,1236.5
12/23/2015,3.9412,1234.5
12/24/2015,3.942,1244.5
12/25/2015,3.942,1244.5
12/28/2015,3.8594,1200.5
12/29/2015,3.8649,1163.64
12/30/2015,3.9582,1208
12/31/2015,3.964,1235.5
1/1/2016,3.964,1231.5
1/4/2016,4.0391,1223.46
1/5/2016,4.0084,1238.99
1/6/2016,4.0295,1238.65
1/7/2016,4.0441,1212.78
1/8/2016,4.0248,1199.5
1/11/2016,4.0534,1200.58
1/12/2016,4.028,1189.5
1/13/2016,4.0152,1183.22
1/14/2016,3.9997,1173.09
1/15/2016,4.0483,1181.6
1/18/2016,4.0333,1182.38
1/19/2016,4.0643,1162.88
1/20/2016,4.0975,1157.91
1/21/2016,4.1548,1150.62
1/22/2016,4.0934,1138.5
1/25/2016,4.0892,1138.5
1/26/2016,4.0514,1123.6
1/27/2016,4.1104,1132.9
1/28/2016,4.0695,1128.1
1/29/2016,3.9991,1123.3
2/1/2016,3.9646,1115.1
2/2/2016,3.991,1128.22
2/3/2016,3.896,1112.59
2/4/2016,3.8899,1144.79
2/5/2016,3.9066,1121.4
2/8/2016,3.9066,1121.62
2/9/2016,3.9066,1120.45
2/10/2016,3.9295,1112.51
2/11/2016,3.9925,1120.78
2/12/2016,4.0017,1135.3
2/15/2016,3.9973,1136.28
2/16/2016,4.068,1149.25
2/17/2016,3.9895,1141.99
2/18/2016,4.0294,1181.36
2/19/2016,4.0219,1146.6
2/22/2016,3.9459,1130.22
2/23/2016,3.9586,1121.02
2/24/2016,3.9577,1096
2/25/2016,3.9565,1071.74
2/26/2016,4.0007,1061.03
2/29/2016,4.0163,1046.01
3/1/2016,3.9335,1034.38
3/2/2016,3.8945,1037.91
3/3/2016,3.7984,1031.8
3/4/2016,3.7516,993.71
3/7/2016,3.785,930.37
3/8/2016,3.7545,945.98
3/9/2016,3.6885,941.13
3/10/2016,3.6271,907.52
3/11/2016,3.5855,935.9
3/14/2016,3.6617,962
3/15/2016,3.7674,974.68
3/16/2016,3.7422,968.02
3/17/2016,3.6276,923.78
3/18/2016,3.6248,893
3/21/2016,3.6182,890.2
3/22/2016,3.5803,858.02
3/23/2016,3.6854,907.24
3/24/2016,3.6771,899.53
3/25/2016,3.6771,899.53
3/28/2016,3.628,862.45
3/29/2016,3.6383,852.38
3/30/2016,3.6065,864.06
3/31/2016,3.5928,916.63
4/1/2016,3.554,923.82
4/4/2016,3.6237,959.78
4/5/2016,3.6804,1002
4/6/2016,3.6419,1018.4
4/7/2016,3.6896,1031.72
4/8/2016,3.5898,995.76
4/11/2016,3.4924,964.8
4/12/2016,3.488,992.83
4/13/2016,3.4984,1005.5
4/14/2016,3.4834,1000.88
4/15/2016,3.5317,1024.46
4/18/2016,3.6153,1029.7
4/19/2016,3.5304,993.6
4/20/2016,3.5292,973.6
4/21/2016,3.5292,975.15
4/22/2016,3.5646,981.47
4/25/2016,3.5577,968.83
4/26/2016,3.5297,960.1
4/27/2016,3.5271,975.73
4/28/2016,3.4879,1021.98
4/29/2016,3.4351,1020.26
5/2/2016,3.5019,1022.28
5/3/2016,3.5594,1028.74
5/4/2016,3.548,1042.27
5/5/2016,3.5345,1029.83
5/6/2016,3.5038,1019.94
5/9/2016,3.5164,1015.27
5/10/2016,3.4764,1005.17
5/11/2016,3.4513,1004.89
5/12/2016,3.4848,1007.22
5/13/2016,3.5324,1022.9
5/16/2016,3.4992,1012.93
5/17/2016,3.4883,1011.6
5/18/2016,3.5682,1023.6
5/19/2016,3.565,1023
5/20/2016,3.5203,1009.97
5/23/2016,3.5726,1012.78
5/24/2016,3.5715,1024.6
5/25/2016,3.5831,1020.79
5/26/2016,3.5831,1017.75
5/27/2016,3.6083,1018.15
5/30/2016,3.5704,995.39
5/31/2016,3.6109,1011.03
6/1/2016,3.6003,1029.3
6/2/2016,3.5945,1021.94
6/3/2016,3.5275,1006.8
6/6/2016,3.489,969.7
6/7/2016,3.441,938.58
6/8/2016,3.3611,902
6/9/2016,3.3998,937.55
6/10/2016,3.4327,933.64
6/13/2016,3.4821,932.33
6/14/2016,3.4815,921
6/15/2016,3.4746,898.56
6/16/2016,3.466,919.5
6/17/2016,3.4167,918.36
6/20/2016,3.3948,899.78
6/21/2016,3.4142,891.1
6/22/2016,3.3775,888.25
6/23/2016,3.3366,919.65
6/24/2016,3.3765,919.57
6/27/2016,3.3923,898.8
6/28/2016,3.3031,870.74
6/29/2016,3.2201,870.48
6/30/2016,3.2126,903.84
7/1/2016,3.2353,955.01
7/4/2016,3.2696,965.21
7/5/2016,3.3036,955.7
7/6/2016,3.3298,962.41
7/7/2016,3.3675,982.23
7/8/2016,3.2997,961.6
7/11/2016,3.3093,951.7
7/12/2016,3.2956,952.4
7/13/2016,3.2636,930.6
7/14/2016,3.2503,919.09
7/15/2016,3.2819,938.63
7/18/2016,3.2542,929.6
7/19/2016,3.2485,939.06
7/20/2016,3.2594,947.36
7/21/2016,3.2719,941.71
7/22/2016,3.2558,926.83
7/25/2016,3.2877,941.68
7/26/2016,3.2761,946.77
7/27/2016,3.2621,938.74
7/28/2016,3.2923,939.69
7/29/2016,3.2491,957.81
8/1/2016,3.265,943.08
8/2/2016,3.2598,946.8
8/3/2016,3.238,944.9
8/4/2016,3.1932,924.66
8/5/2016,3.1649,911.59
8/8/2016,3.1737,907.53
8/9/2016,3.1451,912.87
8/10/2016,3.1265,896.3
8/11/2016,3.1442,901.06
8/12/2016,3.1933,896.1
8/15/2016,3.1859,891.34
8/16/2016,3.2022,897
8/17/2016,3.2056,904.84
8/18/2016,3.2393,918.18
8/19/2016,3.2037,905.6
8/22/2016,3.2007,928.77
8/23/2016,3.2344,909.6
8/24/2016,3.225,892.52
8/25/2016,3.2347,897.43
8/26/2016,3.2653,904.57
8/29/2016,3.23,882.79
8/30/2016,3.2418,881.89
8/31/2016,3.2263,888.08
9/1/2016,3.2592,905.28
9/2/2016,3.2569,887.21
9/5/2016,3.2832,894.9
9/6/2016,3.196,879.6
9/7/2016,3.196,875.2
9/8/2016,3.2111,876.59
9/9/2016,3.2732,888.2
9/12/2016,3.2474,884.8
9/13/2016,3.313,887.5
9/14/2016,3.3448,906.04
9/15/2016,3.3021,909.38
9/16/2016,3.2624,895.42
9/19/2016,3.2727,877.05
9/20/2016,3.2593,859.36
9/21/2016,3.2048,841.95
9/22/2016,3.2207,851.39
9/23/2016,3.245,838.37
9/26/2016,3.24,847.68
9/27/2016,3.2346,837.65
9/28/2016,3.2153,823.59
9/29/2016,3.2593,896.08
9/30/2016,3.2613,894.68
10/3/2016,3.2095,875.6
10/4/2016,3.2585,895.76
10/5/2016,3.221,898.5
10/6/2016,3.2282,885.73
10/7/2016,3.2183,899.5
10/10/2016,3.2074,895.5
10/11/2016,3.1941,901.5
10/12/2016,3.1941,892.5
10/13/2016,3.1782,868.51
10/14/2016,3.2059,881.77
10/17/2016,3.2042,873.53
10/18/2016,3.187,867.2
10/19/2016,3.1686,864.21
10/20/2016,3.1411,891.16
10/21/2016,3.1565,882.44
10/24/2016,3.1221,878.33
10/25/2016,3.1125,884.44
10/26/2016,3.1401,869.97
10/27/2016,3.1661,887.5
10/28/2016,3.2007,903.95
10/31/2016,3.1939,925.08
11/1/2016,3.2318,927.44
11/2/2016,3.2318,928.5
11/3/2016,3.242,923.66
11/4/2016,3.2355,926.33
11/7/2016,3.2061,908.3
11/8/2016,3.1702,896.18
11/9/2016,3.2264,906.36
11/10/2016,3.3942,965.5
11/11/2016,3.4035,966.43
11/14/2016,3.4348,974.05
11/15/2016,3.4348,974.05
11/16/2016,3.4267,985.66
11/17/2016,3.4207,957.93
11/18/2016,3.3825,944.34
11/21/2016,3.3517,953.65
11/22/2016,3.3558,932.05
11/23/2016,3.3907,926.59
11/24/2016,3.3962,928.49
11/25/2016,3.4132,912.32
11/28/2016,3.3875,910.75
11/29/2016,3.3925,898
11/30/2016,3.3857,862.5
12/1/2016,3.4643,909.34
12/2/2016,3.4768,909.84
12/5/2016,3.4235,889.91
12/6/2016,3.4103,880.12
12/7/2016,3.393,847.27
12/8/2016,3.375,839.78
12/9/2016,3.3803,838.04
12/12/2016,3.3381,834.69
12/13/2016,3.3344,843.29
12/14/2016,3.3721,842.35
12/15/2016,3.3651,848.29
12/16/2016,3.3897,826.5
12/19/2016,3.3693,797.48
12/20/2016,3.3505,803.05
12/21/2016,3.331,820
12/22/2016,3.2912,819.41
12/23/2016,3.2699,824.16
12/26/2016,3.28,832.58
12/27/2016,3.2725,804.35
12/28/2016,3.2769,811.57
12/29/2016,3.2539,823.36
12/30/2016,3.25,823.36
1/2/2017,3.286,824.48
1/3/2017,3.265,833.16
1/4/2017,3.2213,816.18
1/5/2017,3.1991,817.78
1/6/2017,3.2224,822.66
1/9/2017,3.2,816.5
1/10/2017,3.1939,820.84
1/11/2017,3.1971,825.67
1/12/2017,3.1873,790.5
1/13/2017,3.2182,796.88
1/16/2017,3.2409,808.32
1/17/2017,3.2112,781.48
1/18/2017,3.2231,778.34
1/19/2017,3.2015,765.16
1/20/2017,3.1744,750.43
1/23/2017,3.1646,746.42
1/24/2017,3.1708,749.48
1/25/2017,3.1675,749.48
1/26/2017,3.1744,756.86
1/27/2017,3.141,728.41
1/30/2017,3.1266,720.23
1/31/2017,3.1486,700.77
2/1/2017,3.1282,695.03
2/2/2017,3.1214,720.02
2/3/2017,3.123,711.82
2/6/2017,3.1182,698.21
2/7/2017,3.1203,699.78
2/8/2017,3.1156,694.06
2/9/2017,3.127,721.11
2/10/2017,3.1154,697.49
2/13/2017,3.1104,682.5
2/14/2017,3.0846,671.71
2/15/2017,3.0569,657.07
2/16/2017,3.0893,670.6
2/17/2017,3.0991,664.55
2/20/2017,3.0879,658.12
2/21/2017,3.0965,657.86
2/22/2017,3.0655,702.24
2/23/2017,3.0636,708.26
2/24/2017,3.1097,712.93
2/27/2017,3.1097,712.93
2/28/2017,3.1097,712.93
3/1/2017,3.0935,692.64
3/2/2017,3.1533,716.5
3/3/2017,3.1161,712.15
3/6/2017,3.137,719.67
3/7/2017,3.1189,710.73
3/8/2017,3.17,719.5
3/9/2017,3.193,727.03
3/10/2017,3.1419,711.85
3/13/2017,3.1528,707.1
3/14/2017,3.1686,706.1
3/15/2017,3.1044,683.79
3/16/2017,3.1189,672.17
3/17/2017,3.0911,659.04
3/20/2017,3.0721,664.36
3/21/2017,3.0879,667.11
3/22/2017,3.0875,672.78
3/23/2017,3.14,672.48
3/24/2017,3.1085,662.5
3/27/2017,3.1265,656.42
3/28/2017,3.1409,653.59
3/29/2017,3.1199,636.92
3/30/2017,3.1502,648.61
3/31/2017,3.1224,663.09
4/3/2017,3.115,644.16
4/4/2017,3.0933,634.5
4/5/2017,3.1209,633.22
4/6/2017,3.1435,644.24
4/7/2017,3.1465,643.56
4/10/2017,3.1318,635.09
4/11/2017,3.1373,629.8
4/12/2017,3.1261,636.66
4/13/2017,3.1467,646.21
4/14/2017,3.1467,645.72
4/17/2017,3.0988,645.5
4/18/2017,3.1077,662.22
4/19/2017,3.1516,655.21
4/20/2017,3.148,648.86
4/21/2017,3.148,649.94
4/24/2017,3.1281,652.48
4/25/2017,3.1472,665.1
4/26/2017,3.1736,679.5
4/27/2017,3.1839,687.5
4/28/2017,3.1765,681.34
5/1/2017,3.1765,679.53
5/2/2017,3.1519,675.18
5/3/2017,3.1666,663.5
5/4/2017,3.1886,672.36
5/5/2017,3.1766,671.12
5/8/2017,3.1985,675.82
5/9/2017,3.1903,677.51
5/10/2017,3.1675,660.48
5/11/2017,3.14,648.25
5/12/2017,3.1231,642.41
5/15/2017,3.1098,628.82
5/16/2017,3.0963,623.37
5/17/2017,3.1395,620.19
5/18/2017,3.3709,706.5
5/19/2017,3.2534,681.5
5/22/2017,3.2666,681.24
5/23/2017,3.2701,682.12
5/24/2017,3.278,675.5
5/25/2017,3.2737,680.5
5/26/2017,3.26,679.14
5/29/2017,3.2569,680.5
5/30/2017,3.2581,676.58
5/31/2017,3.2266,677.28
6/1/2017,3.2506,662.07
6/2/2017,3.2452,658.92
6/5/2017,3.297,665.25
6/6/2017,3.2779,649.9
6/7/2017,3.2697,640.73
6/8/2017,3.2614,637.5
6/9/2017,3.2967,637.57
6/12/2017,3.3189,634.6
6/13/2017,3.3151,644.51
6/14/2017,3.2751,636.5
6/15/2017,3.2751,635
6/16/2017,3.293,625.73
6/19/2017,3.2828,609.35
6/20/2017,3.3277,609.78
6/21/2017,3.3363,606.44
6/22/2017,3.3422,605.6
6/23/2017,3.3428,613.25
6/26/2017,3.2968,606.5
6/27/2017,3.3143,613.56
6/28/2017,3.2803,603.5
6/29/2017,3.3038,619.65
6/30/2017,3.3072,614.52
7/3/2017,3.3016,612.59
7/4/2017,3.3099,618.71
7/5/2017,3.2887,616.13
7/6/2017,3.2985,611.5
7/7/2017,3.2816,605.58
7/10/2017,3.2558,598.5
7/11/2017,3.2547,586.59
7/12/2017,3.208,566.72
7/13/2017,3.2123,560.14
7/14/2017,3.18,540.3
7/17/2017,3.1821,538.65
7/18/2017,3.1564,534.69
7/19/2017,3.1489,526.37
7/20/2017,3.1209,525.17
7/21/2017,3.1434,523.84
7/24/2017,3.1469,515.6
7/25/2017,3.1727,506.86
7/26/2017,3.138,501.45
7/27/2017,3.1505,503.5
7/28/2017,3.1321,501.11
7/31/2017,3.1266,501.24
8/1/2017,3.1263,489.53
8/2/2017,3.1136,482.45
8/3/2017,3.1147,482.57
8/4/2017,3.1316,477.5
8/7/2017,3.1265,467.68
8/8/2017,3.1265,466.55
8/9/2017,3.1557,474.78
8/10/2017,3.1753,485.63
8/11/2017,3.1937,492.71
8/14/2017,3.1894,483.57
8/15/2017,3.1701,472.04
8/16/2017,3.1525,468.94
8/17/2017,3.1751,470.84
8/18/2017,3.1472,458.65
8/21/2017,3.1645,457.79
8/22/2017,3.1618,442.54
8/23/2017,3.1416,434.02
8/24/2017,3.1482,433.93
8/25/2017,3.159,424.75
8/28/2017,3.1672,423.03
8/29/2017,3.1641,412.28
8/30/2017,3.1599,415.48
8/31/2017,3.1491,405.04
9/1/2017,3.1404,395.23
9/4/2017,3.1411,382.89
9/5/2017,3.1172,379.32
9/6/2017,3.1,370.72
9/7/2017,3.1,371.07
9/8/2017,3.0872,374.81
9/11/2017,3.1033,369.47
9/12/2017,3.1256,364
9/13/2017,3.1351,372.49
9/14/2017,3.1205,384.96
9/15/2017,3.1104,395.62
9/18/2017,3.1362,397.8
9/19/2017,3.136,390.78
9/20/2017,3.1349,386
9/21/2017,3.1374,376.96
9/22/2017,3.124,362.25
9/25/2017,3.1597,360.06
9/26/2017,3.1661,359.4
9/27/2017,3.1929,374.33
9/28/2017,3.182,378
9/29/2017,3.1623,383
10/2/2017,3.1542,382.43
10/3/2017,3.1432,378.21
10/4/2017,3.133,376.59
10/5/2017,3.1537,368.39
10/6/2017,3.1554,373.88
10/9/2017,3.1883,377.41
10/10/2017,3.1797,386.44
10/11/2017,3.1749,373.18
10/12/2017,3.1749,372.86
10/13/2017,3.1454,362.93
10/16/2017,3.1697,375.85
10/17/2017,3.1605,375.15
10/18/2017,3.1707,379.5
10/19/2017,3.1716,370.52
10/20/2017,3.1935,375.01
10/23/2017,3.2351,383.23
10/24/2017,3.2473,376.75
10/25/2017,3.2347,374.5
10/26/2017,3.2975,377.7
10/27/2017,3.2356,373.78
10/30/2017,3.2806,382.22
10/31/2017,3.2713,384.5
11/1/2017,3.2667,387.77
11/2/2017,3.2667,388.37
11/3/2017,3.3141,382.99
11/6/2017,3.2526,370.75
11/7/2017,3.2731,371.6
11/8/2017,3.2503,358.5
11/9/2017,3.2504,346.37
11/10/2017,3.2838,343.74
11/13/2017,3.2792,342.48
11/14/2017,3.3151,351.28
11/15/2017,3.3151,357.75
11/16/2017,3.2771,346.89
11/17/2017,3.2592,345.48
11/20/2017,3.259,340.63
11/21/2017,3.2545,338.77
11/22/2017,3.2251,340.07
11/23/2017,3.2225,339.74
11/24/2017,3.2323,338.58
11/27/2017,3.2263,336.11
11/28/2017,3.2137,323.16
11/29/2017,3.2442,325.53
11/30/2017,3.2683,325.25
12/1/2017,3.2583,308.08
12/4/2017,3.2453,306.06
12/5/2017,3.2424,313.66
12/6/2017,3.2351,324.52
12/7/2017,3.2934,331.54
12/8/2017,3.2938,323.5
12/11/2017,3.3036,320.02
12/12/2017,3.3194,325.05
12/13/2017,3.3175,317.7
12/14/2017,3.3352,323.93
12/15/2017,3.3019,310.13
12/18/2017,3.2886,312.34
12/19/2017,3.2911,320.69
12/20/2017,3.2965,315.11
12/21/2017,3.3067,318.52
12/22/2017,3.3376,320.79
12/25/2017,3.3376,320.79
12/26/2017,3.3096,324
12/27/2017,3.317,329.34
12/28/2017,3.3132,321.65
12/29/2017,3.3085,328.36
1/1/2018,3.3085,328.36
1/2/2018,3.2619,325.87
1/3/2018,3.2385,329.71
1/4/2018,3.2308,331.52
1/5/2018,3.229,322.5
1/8/2018,3.2369,334.29
1/9/2018,3.2495,330.42
1/10/2018,3.2354,333.44
1/11/2018,3.2146,332.52
1/12/2018,3.2055,326.17
1/15/2018,3.2158,332.34
1/16/2018,3.2244,330.83
1/17/2018,3.2228,331.44
1/18/2018,3.2115,342.67
1/19/2018,3.1962,334.08
1/22/2018,3.2041,332.18
1/23/2018,3.2394,331.86
1/24/2018,3.142,313.52
1/25/2018,3.1325,317.75
1/26/2018,3.1482,310.81
1/29/2018,3.1553,301.54
1/30/2018,3.1814,313.06
1/31/2018,3.1869,310.12
2/1/2018,3.1704,323.87
2/2/2018,3.2196,327.44
2/5/2018,3.2532,331.1
2/6/2018,3.2348,329.49
2/7/2018,3.2713,326.87
2/8/2018,3.2852,333.87
2/9/2018,3.3021,333.5
2/12/2018,3.3021,335
2/13/2018,3.3021,341
2/14/2018,3.2247,328.81
2/15/2018,3.2313,322.66
2/16/2018,3.2304,312.04
2/19/2018,3.2334,309.38
2/20/2018,3.2533,310.42
2/21/2018,3.2662,308.07
2/22/2018,3.2522,317.26
2/23/2018,3.2387,312.92
2/26/2018,3.2249,315.89
2/27/2018,3.2504,317.5
2/28/2018,3.2477,314.37
3/1/2018,3.2515,311.84
3/2/2018,3.2534,299.78
3/5/2018,3.2431,295.56
3/6/2018,3.211,295.41
3/7/2018,3.2437,295.11
3/8/2018,3.2649,294.5
3/9/2018,3.2559,293.64
3/12/2018,3.262,281.66
3/13/2018,3.2609,276.36
3/14/2018,3.2607,271.89
3/15/2018,3.2852,290.51
3/16/2018,3.2808,288.3
3/19/2018,3.2873,283.69
3/20/2018,3.3116,285.4
3/21/2018,3.2729,278.5
3/22/2018,3.3152,277.17
3/23/2018,3.3126,274.83
3/26/2018,3.3143,261.07
3/27/2018,3.3257,265.41
3/28/2018,3.3216,269.58
3/29/2018,3.3063,265.6
3/30/2018,3.3063,265.6
4/2/2018,3.3112,272.62
4/3/2018,3.3407,264.41
4/4/2018,3.3298,261.92
4/5/2018,3.3452,266.92
4/6/2018,3.3682,273.04
4/9/2018,3.422,283.62
4/10/2018,3.4089,282.45
4/11/2018,3.3747,276.52
4/12/2018,3.413,273.76
4/13/2018,3.4229,267.47
4/16/2018,3.4195,262.65
4/17/2018,3.408,263.02
4/18/2018,3.3804,261.54
4/19/2018,3.3844,268.96
4/20/2018,3.413,269.93
4/23/2018,3.4526,264.91
4/24/2018,3.4734,263.58
4/25/2018,3.4852,268.79
4/26/2018,3.4756,275.88
4/27/2018,3.4574,292.92
4/30/2018,3.5072,302.17
5/1/2018,3.5072,307.75
5/2/2018,3.5504,305.75
5/3/2018,3.5272,315.07
5/4/2018,3.5293,318.5
5/7/2018,3.551,314.36
5/8/2018,3.5617,315.74
5/9/2018,3.5924,314.39
5/10/2018,3.5499,324.42
5/11/2018,3.6003,325.5
5/14/2018,3.6237,311.5
5/15/2018,3.6549,307.27
5/16/2018,3.6761,298.52
5/17/2018,3.6968,314.39
5/18/2018,3.7377,319
5/21/2018,3.6778,307.17
5/22/2018,3.6481,305.47
5/23/2018,3.6284,299.71
5/24/2018,3.6469,301.31
5/25/2018,3.6534,306.79
5/28/2018,3.7348,320.59
5/29/2018,3.7256,326
5/30/2018,3.7239,323.15
5/31/2018,3.7239,323.25
6/1/2018,3.7661,333
6/4/2018,3.7453,337.5
6/5/2018,3.8091,332.29
6/6/2018,3.8513,336.14
6/7/2018,3.9043,381.39
6/8/2018,3.7091,355.9
6/11/2018,3.7114,356.08
6/12/2018,3.7193,346.5
6/13/2018,3.7216,333.75
6/14/2018,3.8066,381.28
6/15/2018,3.7295,379
6/18/2018,3.747,365
6/19/2018,3.7469,332.04
6/20/2018,3.7721,312
6/21/2018,3.7694,297
6/22/2018,3.7856,298.99
6/25/2018,3.7745,301.23
6/26/2018,3.8019,301.58
6/27/2018,3.8624,331.07
6/28/2018,3.8605,353.77
6/29/2018,3.8765,365
7/2/2018,3.9113,359.56
7/3/2018,3.8974,351
7/4/2018,3.9137,353
7/5/2018,3.932,359.5
7/6/2018,3.8629,358.87
7/9/2018,3.8725,364.83
7/10/2018,3.8147,354.9
7/11/2018,3.8763,365.34
7/12/2018,3.8809,368.06
7/13/2018,3.8518,369.54
7/16/2018,3.8604,371.87
7/17/2018,3.8386,365.64
7/18/2018,3.8492,364.25
7/19/2018,3.8313,357.82
7/20/2018,3.768,351.81
7/23/2018,3.783,359.01
7/24/2018,3.7488,364.75
7/25/2018,3.6906,335.95
7/26/2018,3.7471,349.19
7/27/2018,3.7121,355.2
7/30/2018,3.7297,365.99
7/31/2018,3.7574,355.1
8/1/2018,3.7503,353
8/2/2018,3.7496,362.5
8/3/2018,3.7074,347.08
8/6/2018,3.7364,342
8/7/2018,3.7523,330
8/8/2018,3.772,330.72
8/9/2018,3.8005,345.55
8/10/2018,3.8618,343.19
8/13/2018,3.8836,340.82
8/14/2018,3.8671,331.18
8/15/2018,3.9047,324
8/16/2018,3.9069,331.5
8/17/2018,3.9104,324.78
8/20/2018,3.9701,335.52
8/21/2018,4.0483,327.74
8/22/2018,4.0433,311.64
8/23/2018,4.1135,324.22
8/24/2018,4.104,330
8/27/2018,4.0814,336.39
8/28/2018,4.1375,348.72
8/29/2018,4.1063,346.05
8/30/2018,4.1492,362.29
8/31/2018,4.054,364.09
9/3/2018,4.1582,370.96
9/4/2018,4.1605,362.96
9/5/2018,4.1461,367.71
9/6/2018,4.0587,346.17
9/7/2018,4.0587,350.97
9/10/2018,4.0868,336.39
9/11/2018,4.1532,339.75
9/12/2018,4.1617,341.48
9/13/2018,4.207,345.71
9/14/2018,4.1741,346
9/17/2018,4.1343,332.5
9/18/2018,4.1635,336.27
9/19/2018,4.1287,342.47
9/20/2018,4.0772,329.36
9/21/2018,4.0489,334
9/24/2018,4.0901,324
9/25/2018,4.076,322
9/26/2018,4.0345,316.5
9/27/2018,4.0128,299.9
9/28/2018,4.0493,317.75
10/1/2018,4.0187,325.46
10/2/2018,3.9406,331.13
10/3/2018,3.9022,320
10/4/2018,3.8743,331.58
10/5/2018,3.8393,326.45
10/8/2018,3.7792,303.58
10/9/2018,3.7152,293.16
10/10/2018,3.7564,303
10/11/2018,3.781,294.5
10/12/2018,3.781,295.1
10/15/2018,3.7359,281.45
10/16/2018,3.7248,276.6
10/17/2018,3.6876,264.77
10/18/2018,3.7214,262.8
10/19/2018,3.7148,251.24
10/22/2018,3.687,251.62
10/23/2018,3.6944,242
10/24/2018,3.7345,237.5
10/25/2018,3.705,252.4
10/26/2018,3.6421,270.33
10/29/2018,3.7194,272.19
10/30/2018,3.6972,282.73
10/31/2018,3.7224,281.25
11/1/2018,3.6998,258.12
11/2/2018,3.6998,257.86
11/5/2018,3.7286,253.19
11/6/2018,3.7635,254.98
11/7/2018,3.7381,247.81
11/8/2018,3.7608,247.79
11/9/2018,3.7303,253.32
11/12/2018,3.7649,249.92
11/13/2018,3.8103,249.1
11/14/2018,3.7848,244.02
11/15/2018,3.7848,242
11/16/2018,3.739,230.25
11/19/2018,3.7598,227.97
11/20/2018,3.7645,230.08
11/21/2018,3.7975,236.63
11/22/2018,3.804,234.55
11/23/2018,3.828,250.92
11/26/2018,3.9337,253.54
11/27/2018,3.8772,249.78
11/28/2018,3.8544,235.43
11/29/2018,3.8525,236.93
11/30/2018,3.8663,223.33
12/3/2018,3.8447,205.04
12/4/2018,3.8493,218.14
12/5/2018,3.8654,219.43
12/6/2018,3.8821,224.5
12/7/2018,3.9079,211.68
12/10/2018,3.9229,225.7
12/11/2018,3.9003,230.06
12/12/2018,3.8531,221.59
12/13/2018,3.8909,227.25
12/14/2018,3.9135,215.2
12/17/2018,3.902,216.89
12/18/2018,3.9092,217.85
12/19/2018,3.8952,211.03
12/20/2018,3.8442,212.06
12/21/2018,3.9,207.37
12/24/2018,3.8924,207.37
12/25/2018,3.8924,207.37
12/26/2018,3.9281,196
12/27/2018,3.8759,216.17
12/28/2018,3.8767,259.02
12/31/2018,3.8745,259.02
1/1/2019,3.8745,259.02
1/2/2019,3.7859,270.66
1/3/2019,3.7594,266.97
1/4/2019,3.7155,254.16
1/7/2019,3.7327,245.64
1/8/2019,3.7139,239
1/9/2019,3.6808,245.48
1/10/2019,3.7118,243.77
1/11/2019,3.7136,232.24
1/14/2019,3.6976,234.16
1/15/2019,3.72,235.14
1/16/2019,3.7368,232.44
1/17/2019,3.746,212.23
1/18/2019,3.7544,222.54
1/21/2019,3.7601,229.08
1/22/2019,3.8047,235.24
1/23/2019,3.7593,237.28
1/24/2019,3.7708,227.22
1/25/2019,3.762,225.22
1/28/2019,3.7661,220
1/29/2019,3.7257,214.43
1/30/2019,3.6794,226.72
1/31/2019,3.6468,218.73
2/1/2019,3.6568,219
2/4/2019,3.6666,216
2/5/2019,3.6666,212.21
2/6/2019,3.7006,215.32
2/7/2019,3.7171,242.5
2/8/2019,3.732,246.62
2/11/2019,3.7558,242.37
2/12/2019,3.712,236.66
2/13/2019,3.7592,243
2/14/2019,3.7188,249.91
2/15/2019,3.7014,247.64
2/18/2019,3.7354,244
2/19/2019,3.7218,239.27
2/20/2019,3.7303,239.3
2/21/2019,3.7627,259.17
2/22/2019,3.747,246.49
2/25/2019,3.7476,241.58
2/26/2019,3.7489,251
2/27/2019,3.7295,237
2/28/2019,3.7568,260.8
3/1/2019,3.7786,262.58
3/4/2019,3.7786,262.58
3/5/2019,3.7786,262.58
3/6/2019,3.8393,261.37
3/7/2019,3.8759,268.02
3/8/2019,3.8658,265.02
3/11/2019,3.841,268.38
3/12/2019,3.8114,265.92
3/13/2019,3.817,255.9
3/14/2019,3.8447,258.83
3/15/2019,3.8144,252.2
3/18/2019,3.7917,245.8
3/19/2019,3.7891,233.33
3/20/2019,3.7763,223.68
3/21/2019,3.7932,230.87
3/22/2019,3.9065,253.26
3/25/2019,3.8543,261.75
3/26/2019,3.8754,261.67
3/27/2019,3.994,260
3/28/2019,3.901,259.5
3/29/2019,3.9205,272.12
4/1/2019,3.851,271
4/2/2019,3.8537,279.11
4/3/2019,3.8711,273.07
4/4/2019,3.8588,281.5
4/5/2019,3.8735,281.6
4/8/2019,3.8509,280.49
4/9/2019,3.8505,276
4/10/2019,3.8251,272.58
4/11/2019,3.8604,266
4/12/2019,3.8816,257.88
4/15/2019,3.8723,251.34
4/16/2019,3.9049,254.26
4/17/2019,3.9408,270.08
4/18/2019,3.9271,267.07
4/19/2019,3.9271,265.78
4/22/2019,3.9363,271.39
4/23/2019,3.9216,270.65
4/24/2019,3.9922,283.04
4/25/2019,3.9501,287.16
4/26/2019,3.9315,300
4/29/2019,3.9431,303.47
4/30/2019,3.921,291.02
5/1/2019,3.921,285.71
5/2/2019,3.966,308.59
5/3/2019,3.938,306.92
5/6/2019,3.9697,312.14
5/7/2019,3.9705,315.41
5/8/2019,3.9286,307.47
5/9/2019,3.9472,304.63
5/10/2019,3.9537,312.04
5/13/2019,3.9937,320.62
5/14/2019,3.9762,321.11
5/15/2019,4.0017,320.14
5/16/2019,4.0449,331
5/17/2019,4.0991,329.04
5/20/2019,4.0966,329.78
5/21/2019,4.0392,322.09
5/22/2019,4.0402,312.1
5/23/2019,4.0408,320
5/24/2019,4.0227,322
5/27/2019,4.0422,324.92
5/28/2019,4.0253,325.81
5/29/2019,3.9732,326.41
5/30/2019,3.982,323
5/31/2019,3.9232,317.79
6/3/2019,3.8864,311.11
6/4/2019,3.8568,302.34
6/5/2019,3.8812,304
6/6/2019,3.8812,305.34
6/7/2019,3.8795,307.36
6/10/2019,3.8888,306.48
6/11/2019,3.8579,304
6/12/2019,3.8674,297.82
6/13/2019,3.8491,302
6/14/2019,3.8967,298.23
6/17/2019,3.8891,297.29
6/18/2019,3.8606,303.71
6/19/2019,3.8395,316.9
6/20/2019,3.8395,317.5
6/21/2019,3.8216,318.05
6/24/2019,3.8254,310.77
6/25/2019,3.8492,315.42
6/26/2019,3.8441,316.72
6/27/2019,3.8197,332.5
6/28/2019,3.8499,341.09
7/1/2019,3.841,343.5
7/2/2019,3.8482,336.35
7/3/2019,3.8295,332.5
7/4/2019,3.8021,312.79
7/5/2019,3.8217,307.97
7/8/2019,3.8071,306.95
7/9/2019,3.791,295.06
7/10/2019,3.7543,299.61
7/11/2019,3.7547,308
7/12/2019,3.7369,313.27
7/15/2019,3.757,322.28
7/16/2019,3.7694,314.96
7/17/2019,3.765,303.87
7/18/2019,3.7215,301.52
7/19/2019,3.7492,298.13
7/22/2019,3.7406,298
7/23/2019,3.7749,295
7/24/2019,3.7755,289.06
7/25/2019,3.7792,296
7/26/2019,3.7775,299.35
7/29/2019,3.7818,286.48
7/30/2019,3.7908,274
7/31/2019,3.8148,274.66
8/1/2019,3.8404,282.83
8/2/2019,3.8895,288.07
8/5/2019,3.9773,294.23
8/6/2019,3.9618,289
8/7/2019,3.9706,287.76
8/8/2019,3.9198,285.52
8/9/2019,3.9418,285.23
8/12/2019,3.9845,289.28
8/13/2019,3.9671,265.17
8/14/2019,4.052,265.37
8/15/2019,3.9925,281.05
8/16/2019,4.0059,280.91
8/19/2019,4.0745,287.39
8/20/2019,4.0555,281
8/21/2019,4.027,262.33
8/22/2019,4.0713,269
8/23/2019,4.1223,253.33
8/26/2019,4.1569,269
8/27/2019,4.1305,281
8/28/2019,4.1682,284.9
8/29/2019,4.1706,277.48
8/30/2019,4.1453,261.7
9/2/2019,4.188,265.73
9/3/2019,4.1677,272
9/4/2019,4.0949,260
9/5/2019,4.1096,257.78
9/6/2019,4.0605,243.38
9/9/2019,4.0962,247.28
9/10/2019,4.0814,247.89
9/11/2019,4.0679,241
9/12/2019,4.062,233.25
9/13/2019,4.0871,229.08
9/16/2019,4.0804,222.39
9/17/2019,4.0775,212
9/18/2019,4.1109,213.6
9/19/2019,4.1673,207
9/20/2019,4.147,210
9/23/2019,4.1646,209.87
9/24/2019,4.1655,201
9/25/2019,4.148,192.02
9/26/2019,4.1691,203
9/27/2019,4.1597,214.23
9/30/2019,4.1562,221.57
10/1/2019,4.1594,225.81
10/2/2019,4.1297,220.93
10/3/2019,4.0815,220.14
10/4/2019,4.0561,217.52
10/7/2019,4.1074,214.95
10/8/2019,4.0953,209.2
10/9/2019,4.1098,198.18
10/10/2019,4.1083,206.8
10/11/2019,4.1098,196.7
10/14/2019,4.1263,199
10/15/2019,4.1803,208
10/16/2019,4.1544,203.34
10/17/2019,4.1641,201.48
10/18/2019,4.1127,200.29
10/21/2019,4.1296,202.45
10/22/2019,4.083,200.34
10/23/2019,4.0364,194.37
10/24/2019,4.0429,186.98
10/25/2019,4.0031,182.93
10/28/2019,3.9925,185.09
10/29/2019,3.9992,212.6
10/30/2019,3.992,196.14
10/31/2019,4.0183,206
11/1/2019,3.9914,205
11/4/2019,4.0173,205.68
11/5/2019,3.9926,215.79
11/6/2019,4.0748,192.5
11/7/2019,4.101,199.42
11/8/2019,4.1676,195.58
11/11/2019,4.1478,191.14
11/12/2019,4.1642,194.23
11/13/2019,4.1768,189.6
11/14/2019,4.1892,198.96
11/15/2019,4.1892,194
11/18/2019,4.2087,204.11
11/19/2019,4.1994,195.55
11/20/2019,4.2032,197.4
11/21/2019,4.195,195.09
11/22/2019,4.196,190.83
11/25/2019,4.2276,181.43
11/26/2019,4.2386,177.53
11/27/2019,4.2592,180.65
11/28/2019,4.2119,186.73
11/29/2019,4.2372,173.94
12/2/2019,4.2169,171.6
12/3/2019,4.2049,171.87
12/4/2019,4.2069,166.11
12/5/2019,4.1873,161.58
12/6/2019,4.1394,156.71
12/9/2019,4.1399,160.28
12/10/2019,4.1455,165.03
12/11/2019,4.1179,158.41
12/12/2019,4.091,142.85
12/13/2019,4.1076,145.61
12/16/2019,4.0581,135.41
12/17/2019,4.0721,128.82
12/18/2019,4.0674,146.12
12/19/2019,4.0654,150.6
12/20/2019,4.0978,154.57
12/23/2019,4.0785,159.88
12/24/2019,4.0907,159.68
12/25/2019,4.0907,152.51
12/26/2019,4.0538,156.2
12/27/2019,4.0469,152.32
12/30/2019,4.0227,154.46
12/31/2019,4.0304,154.42
1/1/2020,4.0304,154.42
1/2/2020,4.024,176.92
1/3/2020,4.0588,181.3
1/6/2020,4.0644,191.74
1/7/2020,4.0658,190.64
1/8/2020,4.0649,171.24
1/9/2020,4.0898,172.14
1/10/2020,4.0981,172.92
1/13/2020,4.1425,172.72
1/14/2020,4.1319,169.84
1/15/2020,4.1831,166.64
1/16/2020,4.1839,171.85
1/17/2020,4.1616,167.41
1/20/2020,4.1873,169.43
1/21/2020,4.2136,169.59
1/22/2020,4.1805,175.83
1/23/2020,4.17,177.01
1/24/2020,4.1826,175.76
1/27/2020,4.2108,182.44
1/28/2020,4.1904,184.12
1/29/2020,4.225,179.65
1/30/2020,4.2472,178.53
1/31/2020,4.2829,184.76
2/3/2020,4.2469,182.32
2/4/2020,4.2546,184.98
2/5/2020,4.2412,178.84
2/6/2020,4.2825,187.51
2/7/2020,4.3175,188.86
2/10/2020,4.3255,181.42
2/11/2020,4.3302,168.71
2/12/2020,4.3529,170.06
2/13/2020,4.3537,163.69
2/14/2020,4.2915,164.4
2/17/2020,4.3277,161.76
2/18/2020,4.3622,158.06
2/19/2020,4.3639,156.86
2/20/2020,4.3904,178.45
2/21/2020,4.3885,183.43
2/24/2020,4.3885,179.92
2/25/2020,4.3885,181.92
2/26/2020,4.4496,208.11
2/27/2020,4.4911,219.5
2/28/2020,4.472,216.84
3/2/2020,4.4744,224.88
3/3/2020,4.5078,245.79
3/4/2020,4.5793,242.43
3/5/2020,4.6167,239.52
3/6/2020,4.6274,240.1
3/9/2020,4.722,294
3/10/2020,4.6428,299
3/11/2020,4.8152,297.09
3/12/2020,4.7955,281.66
3/13/2020,4.8345,262.32
3/16/2020,5.0004,203.2
3/17/2020,5.0092,157
3/18/2020,5.1089,151.63
3/19/2020,5.0961,220.94
3/20/2020,5.064,214.25
3/23/2020,5.146,236.5
3/24/2020,5.0972,247.44
3/25/2020,5.0363,246.58
3/26/2020,5.0234,227
3/27/2020,5.1003,253.73
3/30/2020,5.1937,277
3/31/2020,5.2059,291.53
4/1/2020,5.25,312
4/2/2020,5.254,305.5
4/3/2020,5.3519,304.17
4/6/2020,5.2822,295
4/7/2020,5.2237,266.4
4/8/2020,5.1219,242
4/9/2020,5.1082,254
4/10/2020,5.1082,254
4/13/2020,5.2012,249
4/14/2020,5.1635,247.9
4/15/2020,5.238,273
4/16/2020,5.2342,257.82
4/17/2020,5.2349,255.5
4/20/2020,5.317,246.33
4/21/2020,5.317,249.3
4/22/2020,5.4579,241.68
4/23/2020,5.5358,250.51
4/24/2020,5.5822,292
4/27/2020,5.6509,321
4/28/2020,5.5004,322.01
4/29/2020,5.3365,295.97
4/30/2020,5.4866,327.11
5/1/2020,5.4866,320.68
5/4/2020,5.5441,339.95
5/5/2020,5.5788,340.99
5/6/2020,5.7179,331
5/7/2020,5.8361,301.37
5/8/2020,5.7347,307.9
5/11/2020,5.8189,314.23
5/12/2020,5.8863,308
5/13/2020,5.887,305.3
5/14/2020,5.8123,299.59
5/15/2020,5.8562,322.32
5/18/2020,5.7162,293
5/19/2020,5.7573,273.44
5/20/2020,5.6933,264.24
5/21/2020,5.5536,241.68
5/22/2020,5.5321,240
5/25/2020,5.4452,238.32
5/26/2020,5.3502,227.27
5/27/2020,5.2728,236.86
5/28/2020,5.409,229.12
5/29/2020,5.3363,205
6/1/2020,5.3663,207.26
6/2/2020,5.2026,203.11
6/3/2020,5.065,200.44
6/4/2020,5.1181,198.6
6/5/2020,4.9619,184
6/8/2020,4.8201,179
6/9/2020,4.901,176.74
6/10/2020,4.975,170.2
6/11/2020,4.975,173.96
6/12/2020,5.0497,174.84
6/15/2020,5.1564,187.27
6/16/2020,5.2445,189.32
6/17/2020,5.2284,189.5
6/18/2020,5.3781,180.04
6/19/2020,5.3114,180.5
6/22/2020,5.2544,173
6/23/2020,5.1544,168.92
6/24/2020,5.3476,171
6/25/2020,5.3627,175.85
6/26/2020,5.4859,199
6/29/2020,5.4045,191
6/30/2020,5.4676,206.67
7/1/2020,5.3198,204
7/2/2020,5.3622,211.5
7/3/2020,5.3157,210
7/6/2020,5.3576,221.55
7/7/2020,5.3814,202
7/8/2020,5.3386,192.45
7/9/2020,5.3435,189.12
7/10/2020,5.3254,182.42
7/13/2020,5.4061,183
7/14/2020,5.3685,191.62
7/15/2020,5.3705,188.4
7/16/2020,5.3315,188.33
7/17/2020,5.3862,190.14
7/20/2020,5.3335,181.76
7/21/2020,5.1733,172.76
7/22/2020,5.1184,165.9
7/23/2020,5.2142,168.09
7/24/2020,5.2324,162.42
7/27/2020,5.1506,161.93
7/28/2020,5.157,161
7/29/2020,5.1695,158
7/30/2020,5.1552,156
7/31/2020,5.221,159.55
8/3/2020,5.322,161.7
8/4/2020,5.2865,164.71
8/5/2020,5.2936,166.69
8/6/2020,5.3325,163.09
8/7/2020,5.4384,168.22
8/10/2020,5.4813,170.29
8/11/2020,5.3813,162
8/12/2020,5.4307,159
8/13/2020,5.3702,157.14
8/14/2020,5.4231,150.44
8/17/2020,5.5112,151.01
8/18/2020,5.4679,151.32
8/19/2020,5.5573,156.69
8/20/2020,5.559,166.59
8/21/2020,5.6202,171.16
8/24/2020,5.6111,172.44
8/25/2020,5.5088,165.95
8/26/2020,5.6118,165.57
8/27/2020,5.5697,164
8/28/2020,5.3891,158.99
8/31/2020,5.4945,165.06
9/1/2020,5.3969,172.27
9/2/2020,5.3423,174.02
9/3/2020,5.2926,162.5
9/4/2020,5.3016,153.36
9/7/2020,5.3016,154.71
9/8/2020,5.3622,150.55
9/9/2020,5.3085,152.15
9/10/2020,5.3203,161.44
9/11/2020,5.3196,158
9/14/2020,5.2715,149.14
9/15/2020,5.2769,136.03
9/16/2020,5.2377,128.8
9/17/2020,5.2395,128.71
9/18/2020,5.3885,150.37
9/21/2020,5.4147,148
9/22/2020,5.4719,144.39
9/23/2020,5.5964,143.96
9/24/2020,5.5102,143.5
9/25/2020,5.5626,140
9/28/2020,5.6624,152.62
9/29/2020,5.6329,154
9/30/2020,5.6095,142
10/1/2020,5.6461,154
10/2/2020,5.6861,165
10/5/2020,5.5755,171
10/6/2020,5.5936,171
10/7/2020,5.6116,169
10/8/2020,5.601,169
10/9/2020,5.5327,149
10/12/2020,5.5327,155.2
10/13/2020,5.5709,152
10/14/2020,5.5926,146.57
10/15/2020,5.6145,137
10/16/2020,5.6462,136.54
10/19/2020,5.6104,137.48
10/20/2020,5.6059,150.69
10/21/2020,5.6064,142.29
10/22/2020,5.5916,144.39
10/23/2020,5.6191,141
10/26/2020,5.6247,136
10/27/2020,5.7062,146.68
10/28/2020,5.7491,160.31
10/29/2020,5.7816,166.83
10/30/2020,5.7451,173.41
11/2/2020,5.7451,174.45
11/3/2020,5.7523,172.21
11/4/2020,5.6648,168.22
11/5/2020,5.5402,158.47
11/6/2020,5.3772,146.22
11/9/2020,5.3803,144.68
11/10/2020,5.4129,142.9
11/11/2020,5.3998,148.35
11/12/2020,5.4575,147.86
11/13/2020,5.4635,145.37
11/16/2020,5.4303,141.31
11/17/2020,5.3246,134.73
11/18/2020,5.3631,128.55
11/19/2020,5.3087,131.27
11/20/2020,5.3893,128.43
11/23/2020,5.4337,130.38
11/24/2020,5.3752,126.96
11/25/2020,5.3167,131.58
11/26/2020,5.332,123.07
11/27/2020,5.3373,106.92
11/30/2020,5.3594,97.63
12/1/2020,5.2183,92.2
12/2/2020,5.2312,87.43
12/3/2020,5.1577,88.22
12/4/2020,5.1295,89.68
12/7/2020,5.1068,92.2
12/8/2020,5.1195,94.65
12/9/2020,5.1683,100.03
12/10/2020,5.0192,102.52
12/11/2020,5.0594,106.13
12/14/2020,5.1163,109.43
12/15/2020,5.0829,100.07
12/16/2020,5.086,96.51
12/17/2020,5.0665,82.3
12/18/2020,5.0849,92.87
12/21/2020,5.1273,100.77
12/22/2020,5.1628,110.01
12/23/2020,5.2053,114.36
12/24/2020,5.1739,113.99
12/25/2020,5.1739,104.66
12/28/2020,5.2473,109.25
12/29/2020,5.2039,117.5
12/30/2020,5.192,115.5
12/31/2020,5.1985,119.54
1/1/2021,5.1985,121
1/4/2021,5.2717,161.99
1/5/2021,5.2766,163.18
1/6/2021,5.3006,152.44
1/7/2021,5.4009,152.31
1/8/2021,5.4212,148.56
1/11/2021,5.5077,145.69
1/12/2021,5.3212,139.25
1/13/2021,5.3079,142.26
1/14/2021,5.2056,135.43
1/15/2021,5.3003,141.6
1/18/2021,5.2974,145.81
1/19/2021,5.3518,149.52
1/20/2021,5.3083,141.3
1/21/2021,5.3605,149.14
1/22/2021,5.4705,153.99
1/25/2021,5.4965,154.2
1/26/2021,5.3503,157.29
1/27/2021,5.4106,161.97
1/28/2021,5.4405,146.1
1/29/2021,5.4717,141.44
2/1/2021,5.4457,140.29
2/2/2021,5.3594,142.73
2/3/2021,5.3783,142.52
2/4/2021,5.4323,147.48
2/5/2021,5.3767,156.84
2/8/2021,5.3576,148.07
2/9/2021,5.3824,146.98
2/10/2021,5.3847,157.2
2/11/2021,5.3854,167.96
2/12/2021,5.3776,167.12
2/15/2021,5.3776,159.99
2/16/2021,5.3776,167.15
2/17/2021,5.4117,179.32
2/18/2021,5.4313,186.97
2/19/2021,5.3877,184.86
2/22/2021,5.46,182.16
2/23/2021,5.4415,175.12
2/24/2021,5.4159,183.21
2/25/2021,5.5212,194.01
2/26/2021,5.6033,213.02
3/1/2021,5.6344,242.47
3/2/2021,5.6645,267.91
3/3/2021,5.6233,273.15
3/4/2021,5.6686,259.31
3/5/2021,5.6831,243.12
3/8/2021,5.8173,266.41
3/9/2021,5.8066,272.47
3/10/2021,5.6725,272.76
3/11/2021,5.5398,272.87
3/12/2021,5.556,276.02
3/15/2021,5.6171,284.88
3/16/2021,5.6249,280.12
3/17/2021,5.5872,270.88
3/18/2021,5.5613,302.74
3/19/2021,5.4908,292.15
3/22/2021,5.5071,306.44
3/23/2021,5.5238,318.06
3/24/2021,5.6222,330.12
3/25/2021,5.6483,339.71
3/26/2021,5.7569,354.67
3/29/2021,5.7833,347.5
3/30/2021,5.7745,365.46
3/31/2021,5.6337,374.5
4/1/2021,5.7091,383.44
4/2/2021,5.7091,373.09
4/5/2021,5.6655,383.42
4/6/2021,5.5917,390.98
4/7/2021,5.6163,404.79
4/8/2021,5.5718,391.54
4/9/2021,5.6845,396.08
4/12/2021,5.7349,403.8
4/13/2021,5.7184,402.5
4/14/2021,5.6535,403.5
4/15/2021,5.6164,388.5
4/16/2021,5.5881,385.5
4/19/2021,5.5488,399.04
4/20/2021,5.5674,402.51
4/21/2021,5.5674,403.14
4/22/2021,5.4468,383.6
4/23/2021,5.4759,376.75
4/26/2021,5.4369,402.59
4/27/2021,5.4524,413.79
4/28/2021,5.3448,417.42
4/29/2021,5.3396,420.93
4/30/2021,5.4376,451.96
5/3/2021,5.4427,444.41
5/4/2021,5.4435,445.38
5/5/2021,5.3555,445.43
5/6/2021,5.2782,436.77
5/7/2021,5.2375,429.5
5/10/2021,5.2278,428.01
5/11/2021,5.2207,427.15
5/12/2021,5.3065,445
5/13/2021,5.3098,454.79
5/14/2021,5.2734,460.25
5/17/2021,5.2742,466.79
5/18/2021,5.2613,465.19
5/19/2021,5.3106,472.61
5/20/2021,5.2846,476.12
5/21/2021,5.3668,485.2
5/24/2021,5.3183,494.32
5/25/2021,5.3315,502.58
5/26/2021,5.312,506.87
5/27/2021,5.2392,487.5
5/28/2021,5.2257,483.26
5/31/2021,5.2188,481.43
6/1/2021,5.1518,482.52
6/2/2021,5.0764,472.04
6/3/2021,5.0764,471.99
6/4/2021,5.0494,471.74
6/7/2021,5.0459,481.41
6/8/2021,5.0342,500.09
6/9/2021,5.0624,504.47
6/10/2021,5.0563,509.21
6/11/2021,5.1181,524.34
6/14/2021,5.062,528.4
6/15/2021,5.0457,536.06
6/16/2021,5.0549,541.43
6/17/2021,5.0082,530.33
6/18/2021,5.0903,541.5
6/21/2021,5.0152,533
6/22/2021,4.9596,531.29
6/23/2021,4.967,523.07
6/24/2021,4.9146,523.96
6/25/2021,4.9343,529.72
6/28/2021,4.9266,534.97
6/29/2021,4.9565,551.85
6/30/2021,4.9696,575.02
7/1/2021,5.049,579.93
7/2/2021,5.0597,573.44
7/5/2021,5.0951,571.52
7/6/2021,5.1994,605.33
7/7/2021,5.2325,618.62
7/8/2021,5.2604,615.34
7/9/2021,5.2604,606.23
