Dates,AUDJPY,AUDJPY3M
1/3/2011,83.105,-101.83
1/4/2011,82.453,-100.37
1/5/2011,83.21,-100.95
1/6/2011,82.848,-99.93
1/7/2011,82.801,-100.78
1/10/2011,82.341,-100.16
1/11/2011,82.17,-99.68
1/12/2011,82.715,-100.25
1/13/2011,82.615,-100.03
1/14/2011,81.941,-99.54
1/17/2011,82.161,-99.74
1/18/2011,82.505,-99.85
1/19/2011,82.09,-100.93
1/20/2011,81.927,-102.25
1/21/2011,81.725,-101.43
1/24/2011,82.309,-99.56
1/25/2011,81.975,-98.38
1/26/2011,82.111,-97.18
1/27/2011,82.25,-95.29
1/28/2011,81.633,-97.56
1/31/2011,81.832,-96.53
2/1/2011,82.261,-100.54
2/2/2011,82.375,-101.28
2/3/2011,82.875,-99.13
2/4/2011,83.317,-99.58
2/7/2011,83.435,-98.65
2/8/2011,83.566,-98.27
2/9/2011,83.364,-103.68
2/10/2011,83.581,-100.15
2/11/2011,83.599,-99.96
2/14/2011,83.567,-98.61
2/15/2011,83.471,-98.45
2/16/2011,83.952,-99.22
2/17/2011,84.305,-100.28
2/18/2011,84.399,-100.35
2/21/2011,83.919,-98.68
2/22/2011,82.671,-97.05
2/23/2011,82.695,-96.73
2/24/2011,82.615,-96.86
2/25/2011,83.12,-96.86
2/28/2011,83.3,-100.88
3/1/2011,82.951,-100.62
3/2/2011,83.254,-102.63
3/3/2011,83.646,-101.15
3/4/2011,83.458,-101.18
3/7/2011,83.215,-100.65
3/8/2011,83.482,-100.79
3/9/2011,83.634,-104.02
3/10/2011,83.048,-101.6
3/11/2011,82.977,-101.55
3/14/2011,82.426,-100.3
3/15/2011,79.992,-93.52
3/16/2011,78.305,-94.86
3/17/2011,77.333,-92.74
3/18/2011,80.243,-97.09
3/21/2011,81.537,-98.45
3/22/2011,81.803,-97.94
3/23/2011,81.979,-100.03
3/24/2011,82.69,-98.71
3/25/2011,83.457,-99.55
3/28/2011,83.689,-99.9
3/29/2011,84.874,-99.99
3/30/2011,85.617,-100.7
3/31/2011,85.866,-102.5
4/1/2011,87.32,-103.39
4/4/2011,87.107,-103.25
4/5/2011,87.658,-103.74
4/6/2011,89.258,-105.59
4/7/2011,88.896,-105.74
4/8/2011,89.542,-106.76
4/11/2011,88.794,-105.94
4/12/2011,87.234,-104.19
4/13/2011,88.082,-104.95
4/14/2011,88.033,-105.76
4/15/2011,87.858,-104.33
4/18/2011,86.862,-103.64
4/19/2011,86.927,-103.28
4/20/2011,88.449,-104.72
4/21/2011,87.969,-105.3
4/22/2011,87.903,-104.82
4/25/2011,87.733,-104.76
4/26/2011,87.951,-105.14
4/27/2011,89.291,-107.95
4/28/2011,89.063,-110.03
4/29/2011,89.055,-107.89
5/2/2011,88.848,-108.04
5/3/2011,87.743,-106.01
5/4/2011,86.605,-105.06
5/5/2011,84.716,-102.87
5/6/2011,86.281,-106.15
5/9/2011,86.843,-107.11
5/10/2011,87.655,-107.85
5/11/2011,86.727,-108.96
5/12/2011,86.428,-105.87
5/13/2011,85.423,-104.82
5/16/2011,85.276,-104.76
5/17/2011,86.519,-106.44
5/18/2011,86.817,-108.77
5/19/2011,87.077,-106.7
5/20/2011,87.097,-106.64
5/23/2011,86.149,-105.19
5/24/2011,86.534,-105.02
5/25/2011,86.332,-107.04
5/26/2011,86.529,-105.37
5/27/2011,86.493,-105.49
5/30/2011,86.531,-105.22
5/31/2011,86.998,-105.5
6/1/2011,85.926,-108.11
6/2/2011,86.306,-105.59
6/3/2011,86.053,-105.34
6/6/2011,85.81,-105.18
6/7/2011,85.87,-104.08
6/8/2011,84.88,-104.75
6/9/2011,85.404,-102.74
6/10/2011,84.637,-102.04
6/13/2011,85.072,-102.78
6/14/2011,86.002,-104.13
6/15/2011,85.629,-108.11
6/16/2011,85.122,-103.61
6/17/2011,85.033,-102.65
6/20/2011,84.928,-102.81
6/21/2011,85.065,-105.9
6/22/2011,84.896,-103.11
6/23/2011,84.724,-102.09
6/24/2011,84.372,-101.98
6/27/2011,84.479,-101.11
6/28/2011,85.509,-102.9
6/29/2011,86.289,-106.98
6/30/2011,86.381,-104.19
7/1/2011,87.049,-105.08
7/4/2011,86.727,-104.8
7/5/2011,86.689,-104.63
7/6/2011,86.583,-107.87
7/7/2011,87.55,-106.32
7/8/2011,86.695,-105.29
7/11/2011,85.53,-104.13
7/12/2011,83.975,-101.58
7/13/2011,84.978,-104.27
7/14/2011,84.864,-101.96
7/15/2011,84.283,-101.73
7/18/2011,83.838,-100.92
7/19/2011,84.982,-102.91
7/20/2011,84.695,-105.53
7/21/2011,84.885,-103.54
7/22/2011,85.225,-103.52
7/25/2011,84.909,-103.38
7/26/2011,85.337,-104.08
7/27/2011,85.937,-108.93
7/28/2011,85.462,-106.39
7/29/2011,84.402,-107.06
8/1/2011,84.708,-106.32
8/2/2011,83.163,-102.05
8/3/2011,82.876,-101.78
8/4/2011,82.545,-101.68
8/5/2011,81.87,-99.08
8/8/2011,79.219,-100.41
8/9/2011,79.704,-99.38
8/10/2011,78.229,-98.54
8/11/2011,79.549,-98.32
8/12/2011,79.438,-96.09
8/15/2011,80.725,-95.65
8/16/2011,80.527,-95.69
8/17/2011,80.816,-100.08
8/18/2011,79.571,-96.32
8/19/2011,79.657,-98.21
8/22/2011,79.931,-95.57
8/23/2011,80.692,-97.09
8/24/2011,80.626,-98.02
8/25/2011,80.805,-97.28
8/26/2011,81.045,-97.76
8/29/2011,81.875,-98.11
8/30/2011,81.977,-97.84
8/31/2011,82.079,-97.42
9/1/2011,82.475,-98.18
9/2/2011,81.751,-97.91
9/5/2011,81.129,-97.25
9/6/2011,81.418,-98.47
9/7/2011,82.371,-99.21
9/8/2011,81.966,-98.78
9/9/2011,81.261,-99.11
9/12/2011,79.897,-95.55
9/13/2011,79.35,-93.97
9/14/2011,78.796,-93.85
9/15/2011,79.205,-94.78
9/16/2011,79.561,-95.43
9/19/2011,78.288,-93.83
9/20/2011,78.566,-94.54
9/21/2011,76.761,-94.39
9/22/2011,74.266,-91.15
9/23/2011,74.915,-91.58
9/26/2011,75.083,-90.14
9/27/2011,76.149,-91.8
9/28/2011,74.93,-90.21
9/29/2011,75.157,-91.39
9/30/2011,74.452,-91.17
10/3/2011,73.013,-90.09
10/4/2011,73.525,-90.67
10/5/2011,74.174,-93.59
10/6/2011,74.775,-92.31
10/7/2011,74.956,-93.03
10/10/2011,76.586,-95.25
10/11/2011,76.286,-94.62
10/12/2011,78.488,-99.71
10/13/2011,78.37,-98.19
10/14/2011,79.852,-100.22
10/17/2011,78.043,-98.34
10/18/2011,78.849,-98.96
10/19/2011,78.529,-100.08
10/20/2011,78.582,-98.57
10/21/2011,79.164,-99.51
10/24/2011,79.712,-100.76
10/25/2011,79.358,-99.52
10/26/2011,79.218,-99.61
10/27/2011,81.488,-101.11
10/28/2011,81.135,-100.36
10/31/2011,82.313,-103.96
11/1/2011,80.94,-105.87
11/2/2011,80.732,-101.46
11/3/2011,81.307,-101.36
11/4/2011,81.169,-100.36
11/7/2011,81.007,-100.21
11/8/2011,80.779,-99.09
11/9/2011,78.938,-97.86
11/10/2011,78.86,-96.59
11/11/2011,79.325,-98.05
11/14/2011,78.65,-98.51
11/15/2011,78.402,-99.27
11/16/2011,77.694,-100.87
11/17/2011,76.982,-98.1
11/18/2011,76.967,-98.54
11/21/2011,75.65,-99.41
11/22/2011,75.69,-96.84
11/23/2011,74.901,-96.21
11/24/2011,75.07,-94.47
11/25/2011,75.484,-95.86
11/28/2011,77.246,-95.62
11/29/2011,77.928,-96.01
11/30/2011,79.815,-96.23
12/1/2011,79.593,-97.39
12/2/2011,79.67,-100.56
12/5/2011,79.927,-100.74
12/6/2011,79.634,-97.38
12/7/2011,79.965,-95.32
12/8/2011,78.932,-95.58
12/9/2011,79.311,-96.46
12/12/2011,78.493,-94.99
12/13/2011,78.124,-93.66
12/14/2011,77.371,-93.84
12/15/2011,77.251,-94.37
12/16/2011,77.629,-93.99
12/19/2011,77.237,-93.41
12/20/2011,78.515,-94.78
12/21/2011,78.821,-94.23
12/22/2011,79.179,-94.35
12/23/2011,79.266,-94.29
12/26/2011,79.297,-94.47
12/27/2011,79.102,-94.45
12/28/2011,78.675,-91.62
12/29/2011,78.692,-92.13
12/30/2011,78.432,-91.33
1/2/2012,78.683,-92.01
1/3/2012,79.638,-90.39
1/4/2012,79.548,-92.76
1/5/2012,79.141,-89.65
1/6/2012,78.717,-88.43
1/9/2012,78.678,-87.46
1/10/2012,79.262,-88.15
1/11/2012,79.24,-88.45
1/12/2012,79.318,-87.59
1/13/2012,79.447,-88.96
1/16/2012,79.194,-87.58
1/17/2012,79.721,-88.11
1/18/2012,80.183,-88.32
1/19/2012,80.342,-88.6
1/20/2012,80.747,-88.71
1/23/2012,81.064,-88.74
1/24/2012,81.492,-87.89
1/25/2012,82.428,-86.45
1/26/2012,82.345,-85.48
1/27/2012,81.745,-85.09
1/30/2012,80.921,-87.24
1/31/2012,81.003,-87.24
2/1/2012,81.571,-90.97
2/2/2012,81.648,-86.78
2/3/2012,82.495,-87.13
2/6/2012,82.098,-87.02
2/7/2012,82.97,-90.45
2/8/2012,83.191,-90.62
2/9/2012,83.767,-91.88
2/10/2012,82.837,-90.6
2/13/2012,83.246,-90.25
2/14/2012,83.864,-90.84
2/15/2012,83.896,-90.87
2/16/2012,84.893,-93.32
2/17/2012,85.168,-92.97
2/20/2012,85.651,-94
2/21/2012,85.024,-92.85
2/22/2012,85.413,-93.76
2/23/2012,85.736,-96.24
2/24/2012,86.831,-97.18
2/27/2012,86.712,-98.19
2/28/2012,86.628,-97.2
2/29/2012,87.092,-99.57
3/1/2012,87.678,-98.65
3/2/2012,87.799,-99.1
3/5/2012,87.027,-98.45
3/6/2012,85.37,-96.72
3/7/2012,85.819,-100.05
3/8/2012,86.802,-97.9
3/9/2012,87.211,-98.52
3/12/2012,86.475,-97.39
3/13/2012,87.53,-98.1
3/14/2012,87.526,-100.16
3/15/2012,87.958,-98.9
3/16/2012,88.346,-99.11
3/19/2012,88.399,-99.33
3/20/2012,87.722,-98.24
3/21/2012,87.234,-99.18
3/22/2012,85.744,-95.44
3/23/2012,86.179,-95.68
3/26/2012,87.246,-96.73
3/27/2012,87.005,-95.88
3/28/2012,86.118,-93.46
3/29/2012,85.614,-92.53
3/30/2012,85.726,-92.29
4/2/2012,85.513,-93.01
4/3/2012,85.556,-92.6
4/4/2012,84.685,-91.59
4/5/2012,84.844,-92.28
4/6/2012,84.114,-91.71
4/9/2012,84.04,-92.09
4/10/2012,82.701,-89.73
4/11/2012,83.28,-89.69
4/12/2012,84.441,-91.99
4/13/2012,83.937,-90.04
4/16/2012,83.27,-89
4/17/2012,83.999,-89.1
4/18/2012,84.169,-89.18
4/19/2012,84.307,-88.93
4/20/2012,84.637,-89.44
4/23/2012,83.771,-88.34
4/24/2012,83.878,-89.55
4/25/2012,84.217,-89.46
4/26/2012,84.146,-86.54
4/27/2012,84.048,-86.55
4/30/2012,83.245,-85.2
5/1/2012,82.733,-81.24
5/2/2012,82.779,-81.79
5/3/2012,82.299,-80.81
5/4/2012,81.307,-79.79
5/7/2012,81.49,-79.03
5/8/2012,80.843,-78.14
5/9/2012,80.038,-78.54
5/10/2012,80.579,-78.31
5/11/2012,80.092,-77.69
5/14/2012,79.513,-77.38
5/15/2012,79.674,-77.62
5/16/2012,79.638,-78.65
5/17/2012,78.387,-74.9
5/18/2012,77.782,-71.32
5/21/2012,78.633,-71.45
5/22/2012,78.436,-70.8
5/23/2012,77.454,-70.28
5/24/2012,77.713,-69.01
5/25/2012,77.756,-69.17
5/28/2012,78.302,-69.89
5/29/2012,78.282,-69.98
5/30/2012,76.738,-70.02
5/31/2012,76.227,-66.64
6/1/2012,75.683,-67
6/4/2012,76.213,-65.99
6/5/2012,76.72,-68.84
6/6/2012,78.609,-72.11
6/7/2012,78.786,-72.33
6/8/2012,78.824,-72.2
6/11/2012,78.359,-72.56
6/12/2012,79.196,-73.1
6/13/2012,78.958,-75.31
6/14/2012,79.537,-74.7
6/15/2012,79.343,-75.36
6/18/2012,80.09,-76.15
6/19/2012,80.441,-75.97
6/20/2012,81.078,-78.59
6/21/2012,80.552,-75.88
6/22/2012,80.949,-76
6/25/2012,79.751,-75.39
6/26/2012,80.027,-76.46
6/27/2012,80.358,-75.99
6/28/2012,79.813,-75.74
6/29/2012,81.698,-78.51
7/2/2012,81.489,-78.96
7/3/2012,82.047,-80.28
7/4/2012,82.08,-82.12
7/5/2012,82.219,-78.91
7/6/2012,81.357,-77.99
7/9/2012,81.21,-78.01
7/10/2012,80.949,-77.39
7/11/2012,81.768,-79.35
7/12/2012,80.41,-75.69
7/13/2012,80.966,-76.21
7/16/2012,80.827,-75.79
7/17/2012,81.564,-76.54
7/18/2012,81.663,-77.92
7/19/2012,81.945,-76.37
7/20/2012,81.457,-76.05
7/23/2012,80.425,-75.27
7/24/2012,79.916,-74.96
7/25/2012,80.572,-77.19
7/26/2012,81.318,-76.01
7/27/2012,82.269,-77.15
7/30/2012,82.107,-76.53
7/31/2012,82.055,-76.29
8/1/2012,82.052,-77.44
8/2/2012,81.878,-75.79
8/3/2012,82.913,-77.47
8/6/2012,82.698,-76.71
8/7/2012,82.962,-77.14
8/8/2012,82.928,-79.74
8/9/2012,83.12,-78.07
8/10/2012,82.786,-77.58
8/13/2012,82.369,-77.24
8/14/2012,82.588,-77.37
8/15/2012,82.982,-79.13
8/16/2012,83.399,-77.33
8/17/2012,82.902,-76.84
8/20/2012,82.952,-79.04
8/21/2012,83.143,-78.63
8/22/2012,82.549,-77.96
8/23/2012,81.952,-75.28
8/24/2012,81.847,-75.1
8/27/2012,81.652,-75.15
8/28/2012,81.465,-75.03
8/29/2012,81.473,-74.14
8/30/2012,80.896,-73.15
8/31/2012,80.918,-72.82
9/3/2012,80.184,-71.69
9/4/2012,80.189,-72.48
9/5/2012,79.907,-71.58
9/6/2012,81.099,-73.02
9/7/2012,81.248,-73.22
9/10/2012,80.908,-72.47
9/11/2012,81.148,-72.58
9/12/2012,81.48,-72.82
9/13/2012,81.724,-73.09
9/14/2012,82.7,-74.07
9/17/2012,82.458,-73.49
9/18/2012,82.416,-72.26
9/19/2012,82.132,-71.41
9/20/2012,81.656,-71.2
9/21/2012,81.736,-71.83
9/24/2012,81.163,-70.27
9/25/2012,80.833,-69.62
9/26/2012,80.628,-69.03
9/27/2012,81.034,-71.38
9/28/2012,80.9,-71.22
10/1/2012,80.811,-70.44
10/2/2012,80.24,-68.37
10/3/2012,80.186,-69.26
10/4/2012,80.371,-68.07
10/5/2012,80.143,-67.94
10/8/2012,79.828,-67.52
10/9/2012,79.863,-67.27
10/10/2012,80.015,-68.8
10/11/2012,80.406,-67.39
10/12/2012,80.272,-67.1
10/15/2012,80.637,-67
10/16/2012,81.059,-66.78
10/17/2012,81.955,-69.76
10/18/2012,82.174,-67.45
10/19/2012,81.93,-67.03
10/22/2012,82.502,-67.22
10/23/2012,81.968,-66.61
10/24/2012,82.642,-70.22
10/25/2012,83.082,-68.63
10/26/2012,82.622,-68.03
10/29/2012,82.449,-68.03
10/30/2012,82.535,-68.34
10/31/2012,82.762,-68.67
11/1/2012,83.332,-67.53
11/2/2012,83.117,-67.64
11/5/2012,83.221,-67.84
11/6/2012,83.851,-71.96
11/7/2012,83.273,-70.59
11/8/2012,82.691,-69.55
11/9/2012,82.555,-69.5
11/12/2012,82.896,-69.39
11/13/2012,82.832,-70.1
11/14/2012,83.265,-70.21
11/15/2012,83.864,-70.02
11/16/2012,84.073,-70.79
11/19/2012,84.77,-71.31
11/20/2012,84.84,-71.59
11/21/2012,85.548,-70.59
11/22/2012,85.694,-72.43
11/23/2012,86.194,-73.15
11/26/2012,85.895,-71.71
11/27/2012,85.814,-70.78
11/28/2012,85.987,-69.56
11/29/2012,85.69,-68.88
11/30/2012,86.008,-67.71
12/3/2012,85.709,-66.67
12/4/2012,85.755,-66.64
12/5/2012,86.232,-67.28
12/6/2012,86.401,-67.94
12/7/2012,86.517,-67.45
12/10/2012,86.377,-67.15
12/11/2012,86.877,-66.47
12/12/2012,87.878,-66.94
12/13/2012,88.063,-66.91
12/14/2012,88.246,-66.01
12/17/2012,88.517,-65.51
12/18/2012,88.711,-66.5
12/19/2012,88.467,-66.36
12/20/2012,88.44,-65.01
12/21/2012,87.574,-65.25
12/24/2012,87.997,-65.54
12/25/2012,87.825,-65.59
12/26/2012,88.865,-65.31
12/27/2012,89.32,-65.04
12/28/2012,89.107,-65.75
12/31/2012,90.147,-66.21
1/1/2013,90.095,-66.33
1/2/2013,91.735,-67.53
1/3/2013,91.307,-67.05
1/4/2013,92.392,-67.57
1/7/2013,92.218,-67.87
1/8/2013,91.434,-67.85
1/9/2013,92.394,-68.56
1/10/2013,94.082,-70.23
1/11/2013,93.956,-70.75
1/14/2013,94.546,-70.63
1/15/2013,93.807,-69.55
1/16/2013,93.439,-69.4
1/17/2013,94.787,-70.18
1/18/2013,94.685,-70.25
1/21/2013,94.229,-69.6
1/22/2013,93.729,-68.94
1/23/2013,93.529,-69.01
1/24/2013,94.403,-68.09
1/25/2013,94.758,-68.37
1/28/2013,94.649,-68.53
1/29/2013,95.033,-68.48
1/30/2013,94.888,-68.82
1/31/2013,95.61,-70.74
2/1/2013,96.607,-70.79
2/4/2013,96.428,-70.13
2/5/2013,97.284,-70.66
2/6/2013,96.634,-70.81
2/7/2013,96.271,-71.9
2/8/2013,95.635,-71.04
2/11/2013,96.734,-71.31
2/12/2013,96.32,-71
2/13/2013,96.852,-71.48
2/14/2013,96.212,-71.57
2/15/2013,96.354,-71.68
2/18/2013,96.835,-70.9
2/19/2013,96.908,-70.84
2/20/2013,95.965,-70.66
2/21/2013,95.393,-70.83
2/22/2013,96.418,-71.93
2/25/2013,94.186,-69.46
2/26/2013,94.09,-70.58
2/27/2013,94.383,-72.13
2/28/2013,94.545,-71.08
3/1/2013,95.492,-71.52
3/4/2013,95.318,-71.43
3/5/2013,95.695,-73.25
3/6/2013,96.26,-73.72
3/7/2013,97.362,-73.52
3/8/2013,98.256,-74.6
3/11/2013,98.989,-75.36
3/12/2013,99.195,-75.95
3/13/2013,98.99,-76.94
3/14/2013,99.804,-77.07
3/15/2013,99.182,-75.43
3/18/2013,99.028,-75.21
3/19/2013,98.68,-76.71
3/20/2013,99.654,-76.7
3/21/2013,99.082,-75.31
3/22/2013,98.667,-74.44
3/25/2013,98.559,-74.44
3/26/2013,99.027,-75.01
3/27/2013,98.646,-73.58
3/28/2013,98.019,-72.83
3/29/2013,98.18,-72.94
4/1/2013,97.18,-72.15
4/2/2013,97.635,-73.72
4/3/2013,97.332,-73.1
4/4/2013,100.54,-75.13
4/5/2013,101.294,-75.19
4/8/2013,103.458,-77.09
4/9/2013,103.867,-77.31
4/10/2013,105.201,-77.85
4/11/2013,105.112,-78.39
4/12/2013,103.361,-76.56
4/15/2013,99.802,-73.39
4/16/2013,101.343,-74.17
4/17/2013,101.032,-74.24
4/18/2013,101.133,-74.22
4/19/2013,102.28,-74.93
4/22/2013,101.955,-74.47
4/23/2013,102.038,-74.3
4/24/2013,102.277,-74.59
4/25/2013,102.143,-74.31
4/26/2013,100.769,-73.37
4/29/2013,101.185,-73.38
4/30/2013,101.059,-73.12
5/1/2013,100.073,-72.91
5/2/2013,100.347,-71.26
5/3/2013,102.139,-72.48
5/6/2013,101.847,-72.04
5/7/2013,100.829,-69.09
5/8/2013,100.699,-69.23
5/9/2013,101.527,-68.62
5/10/2013,101.869,-70.05
5/13/2013,101.337,-69.35
5/14/2013,101.277,-69.42
5/15/2013,101.212,-72.34
5/16/2013,100.302,-69.66
5/17/2013,100.431,-69.41
5/20/2013,100.307,-69.35
5/21/2013,100.454,-69.66
5/22/2013,100.051,-70.27
5/23/2013,99.465,-68.59
5/24/2013,97.785,-67.6
5/27/2013,97.264,-67.22
5/28/2013,98.431,-67.4
5/29/2013,97.451,-65.69
5/30/2013,97.322,-66.85
5/31/2013,96.172,-66.33
6/3/2013,97.249,-67.11
6/4/2013,96.527,-66.55
6/5/2013,94.524,-65.7
6/6/2013,93.062,-63.5
6/7/2013,92.652,-64.16
6/10/2013,93.474,-64.58
6/11/2013,90.517,-63.81
6/12/2013,91.077,-66.23
6/13/2013,91.929,-66.21
6/14/2013,90.038,-63.68
6/17/2013,90.21,-63.12
6/18/2013,90.422,-63.11
6/19/2013,89.641,-64.38
6/20/2013,89.477,-64.26
6/21/2013,90.258,-65.92
6/24/2013,90.387,-66.52
6/25/2013,90.574,-64.93
6/26/2013,90.669,-66.06
6/27/2013,91.222,-64.74
6/28/2013,90.597,-63.91
7/1/2013,92.078,-64.86
7/2/2013,92.039,-67.31
7/3/2013,90.798,-66.46
7/4/2013,91.498,-65.85
7/5/2013,91.745,-65.59
7/8/2013,92.217,-65.71
7/9/2013,92.818,-64.88
7/10/2013,91.431,-65.91
7/11/2013,90.92,-63.06
7/12/2013,89.779,-62.16
7/15/2013,90.855,-62.8
7/16/2013,91.692,-63.73
7/17/2013,91.995,-64.53
7/18/2013,92.097,-63.3
7/19/2013,92.321,-63.4
7/22/2013,92.181,-62.77
7/23/2013,92.428,-62.71
7/24/2013,91.878,-63.75
7/25/2013,91.8,-62.11
7/26/2013,90.986,-61.58
7/29/2013,90.174,-60.44
7/30/2013,88.836,-58.78
7/31/2013,87.922,-59.35
8/1/2013,88.848,-57.87
8/2/2013,88.101,-56.85
8/5/2013,87.778,-56.37
8/6/2013,87.825,-56.65
8/7/2013,86.7,-57.6
8/8/2013,88.044,-56.5
8/9/2013,88.565,-56.51
8/12/2013,88.65,-56.71
8/13/2013,89.497,-57.44
8/14/2013,89.525,-58.93
8/15/2013,89.017,-57.3
8/16/2013,89.578,-57.77
8/19/2013,88.865,-57.42
8/20/2013,88.228,-56.89
8/21/2013,87.611,-57.79
8/22/2013,88.923,-57.41
8/23/2013,89.113,-57.26
8/26/2013,88.949,-57.59
8/27/2013,87.173,-55.64
8/28/2013,87.291,-55.09
8/29/2013,87.828,-55.47
8/30/2013,87.375,-55.28
9/2/2013,89.18,-56.29
9/3/2013,90.237,-57.29
9/4/2013,91.5,-58.35
9/5/2013,91.313,-58.24
9/6/2013,91.034,-58.11
9/9/2013,91.889,-58.74
9/10/2013,93.476,-60.14
9/11/2013,93.183,-59.85
9/12/2013,92.286,-58.79
9/13/2013,91.867,-58.84
9/16/2013,92.306,-59.21
9/17/2013,92.74,-60.05
9/18/2013,93.234,-60.47
9/19/2013,93.853,-59.88
9/20/2013,93.326,-60.4
9/23/2013,93.219,-60.89
9/24/2013,92.732,-59.69
9/25/2013,92.208,-58.56
9/26/2013,92.704,-59.04
9/27/2013,91.535,-62.04
9/30/2013,91.536,-61.57
10/1/2013,92.099,-61.9
10/2/2013,91.369,-61.93
10/3/2013,91.371,-60.99
10/4/2013,91.967,-61.54
10/7/2013,91.179,-61.4
10/8/2013,91.299,-61.78
10/9/2013,91.94,-63.11
10/10/2013,92.781,-62.12
10/11/2013,93.331,-62.67
10/14/2013,93.528,-62.75
10/15/2013,93.516,-62.41
10/16/2013,94.327,-64.56
10/17/2013,94.341,-62.46
10/18/2013,94.574,-62.89
10/21/2013,94.778,-63.17
10/22/2013,95.273,-63.07
10/23/2013,93.739,-64.24
10/24/2013,93.614,-62.14
10/25/2013,93.368,-61.87
10/28/2013,93.5,-61.96
10/29/2013,93.074,-61.65
10/30/2013,93.427,-63.01
10/31/2013,93,-61.71
11/1/2013,93.135,-62.09
11/4/2013,93.777,-62.36
11/5/2013,93.65,-62.12
11/6/2013,93.99,-62.32
11/7/2013,92.745,-61.54
11/8/2013,92.965,-61.78
11/11/2013,92.805,-61.65
11/12/2013,92.676,-61.6
11/13/2013,92.886,-63.67
11/14/2013,93.176,-61.89
11/15/2013,93.857,-62.35
11/18/2013,93.77,-62.19
11/19/2013,94.463,-62.35
11/20/2013,93.376,-62.34
11/21/2013,93.408,-61.77
11/22/2013,92.88,-61.37
11/25/2013,93.141,-60.97
11/26/2013,92.437,-60.01
11/27/2013,92.751,-59.79
11/28/2013,93.129,-60.02
11/29/2013,93.301,-59.68
12/2/2013,93.735,-60.02
12/3/2013,93.66,-60.97
12/4/2013,92.416,-60.75
12/5/2013,92.252,-60.9
12/6/2013,93.663,-61.4
12/9/2013,94.075,-61.76
12/10/2013,94.105,-61.71
12/11/2013,92.679,-60.98
12/12/2013,92.387,-61.44
12/13/2013,92.512,-61.12
12/16/2013,92.176,-60.99
12/17/2013,91.356,-59.93
12/18/2013,92.406,-60.16
12/19/2013,92.419,-59.22
12/20/2013,92.845,-59.29
12/23/2013,93.006,-59.3
12/24/2013,92.994,-59.2
12/25/2013,93.149,-59.26
12/26/2013,93.23,-58.9
12/27/2013,93.233,-59.69
12/30/2013,93.591,-59.69
12/31/2013,93.872,-59.8
1/1/2014,93.493,-59.97
1/2/2014,93.384,-59.47
1/3/2014,93.795,-59.37
1/6/2014,93.459,-59.25
1/7/2014,93.375,-59.25
1/8/2014,93.34,-59.31
1/9/2014,93.272,-59.01
1/10/2014,93.703,-59.72
1/13/2014,93.254,-59.59
1/14/2014,93.445,-59.56
1/15/2014,93.22,-59.79
1/16/2014,92.045,-59.21
1/17/2014,91.604,-58.49
1/20/2014,91.792,-58.08
1/21/2014,91.844,-58.41
1/22/2014,92.527,-59.51
1/23/2014,90.551,-58.05
1/24/2014,88.825,-57.87
1/27/2014,89.614,-58.12
1/28/2014,90.369,-58.16
1/29/2014,89.388,-57.55
1/30/2014,90.338,-59.75
1/31/2014,89.33,-58.59
2/3/2014,88.38,-57.35
2/4/2014,90.72,-58.37
2/5/2014,90.397,-58.77
2/6/2014,91.481,-59.4
2/7/2014,91.653,-58.55
2/10/2014,91.509,-58.37
2/11/2014,92.755,-59.18
2/12/2014,92.55,-59.33
2/13/2014,91.74,-59.61
2/14/2014,91.956,-59.83
2/17/2014,92.062,-59.21
2/18/2014,92.399,-59.57
2/19/2014,92.079,-60.38
2/20/2014,92.113,-60.85
2/21/2014,92.018,-60.39
2/24/2014,92.61,-59.69
2/25/2014,92.212,-59.01
2/26/2014,91.809,-60.53
2/27/2014,91.556,-60.72
2/28/2014,90.88,-60.21
3/3/2014,90.667,-59.9
3/4/2014,91.48,-60.51
3/5/2014,91.921,-62.05
3/6/2014,93.689,-62.56
3/7/2014,93.649,-62.34
3/10/2014,93.144,-61.6
3/11/2014,92.478,-61.21
3/12/2014,92.351,-62.91
3/13/2014,91.98,-61.28
3/14/2014,91.522,-61.12
3/17/2014,92.473,-61.68
3/18/2014,92.585,-61.85
3/19/2014,92.499,-62.57
3/20/2014,92.548,-62.23
3/21/2014,92.875,-62.27
3/24/2014,93.374,-62.6
3/25/2014,93.734,-63.28
3/26/2014,94.149,-65.17
3/27/2014,94.615,-62.9
3/28/2014,95.091,-63.09
3/31/2014,95.63,-63.76
4/1/2014,95.839,-64.07
4/2/2014,96.069,-66.38
4/3/2014,95.945,-65.1
4/4/2014,95.984,-65.35
4/7/2014,95.575,-64.63
4/8/2014,95.304,-63.91
4/9/2014,95.78,-64.12
4/10/2014,95.575,-64.29
4/11/2014,95.49,-64.32
4/14/2014,95.981,-65.14
4/15/2014,95.409,-64.31
4/16/2014,95.8,-63.83
4/17/2014,95.525,-64.08
4/18/2014,95.593,-64.07
4/21/2014,95.709,-64.18
4/22/2014,96.121,-64.58
4/23/2014,95.27,-64.11
4/24/2014,94.781,-64.43
4/25/2014,94.807,-64.29
4/28/2014,94.878,-64.85
4/29/2014,95.129,-64.83
4/30/2014,94.954,-66.97
5/1/2014,94.887,-64.88
5/2/2014,94.794,-65.06
5/5/2014,94.719,-64.94
5/6/2014,95.085,-65.05
5/7/2014,95.047,-66.66
5/8/2014,95.305,-65.53
5/9/2014,95.359,-65.53
5/12/2014,95.604,-65.54
5/13/2014,95.712,-65.59
5/14/2014,95.573,-67.28
5/15/2014,95.042,-65.46
5/16/2014,95.055,-65.71
5/19/2014,94.694,-65.57
5/20/2014,93.653,-64.77
5/21/2014,93.778,-65.92
5/22/2014,93.858,-64.88
5/23/2014,94.124,-65.28
5/26/2014,94.152,-65.56
5/27/2014,94.424,-65.46
5/28/2014,94.064,-64.35
5/29/2014,94.736,-65.57
5/30/2014,94.751,-65.57
6/2/2014,94.675,-65.36
6/3/2014,94.98,-65.7
6/4/2014,95.32,-67.56
6/5/2014,95.664,-66.56
6/6/2014,95.65,-66.36
6/9/2014,95.926,-66.6
6/10/2014,95.938,-66.58
6/11/2014,95.781,-68.39
6/12/2014,95.869,-66.71
6/13/2014,95.943,-67.23
6/16/2014,95.729,-67.04
6/17/2014,95.376,-66.95
6/18/2014,95.892,-68.91
6/19/2014,95.81,-68.39
6/20/2014,95.829,-68.39
6/23/2014,96.04,-68.86
6/24/2014,95.525,-67.64
6/25/2014,95.83,-68.8
6/26/2014,95.773,-67.52
6/27/2014,95.615,-67.38
6/30/2014,95.577,-68.17
7/1/2014,96.423,-69.29
7/2/2014,96.112,-67.9
7/3/2014,95.519,-67.26
7/4/2014,95.576,-67.17
7/7/2014,95.474,-66.81
7/8/2014,95.466,-66.78
7/9/2014,95.679,-69.01
7/10/2014,95.209,-66.92
7/11/2014,95.125,-66.9
7/14/2014,95.378,-67.05
7/15/2014,95.284,-67.39
7/16/2014,95.252,-68.23
7/17/2014,94.606,-66.47
7/18/2014,95.165,-66.54
7/21/2014,95.045,-66.45
7/22/2014,95.313,-66.65
7/23/2014,95.961,-67.91
7/24/2014,95.895,-66.63
7/25/2014,95.685,-66.7
7/28/2014,95.806,-66.52
7/29/2014,95.821,-66.41
7/30/2014,95.913,-68.59
7/31/2014,95.55,-66.26
8/1/2014,95.56,-66.72
8/4/2014,95.741,-66.79
8/5/2014,95.462,-66.4
8/6/2014,95.51,-67.68
8/7/2014,94.646,-66.32
8/8/2014,94.648,-65.95
8/11/2014,94.655,-65.88
8/12/2014,94.786,-66.45
8/13/2014,95.298,-68.51
8/14/2014,95.472,-67.1
8/15/2014,95.42,-66.6
8/18/2014,95.645,-66.67
8/19/2014,95.741,-67.19
8/20/2014,96.365,-69.59
8/21/2014,96.613,-68.06
8/22/2014,96.842,-67.99
8/25/2014,96.745,-68.82
8/26/2014,96.847,-68.47
8/27/2014,96.992,-68.21
8/28/2014,97.043,-67.96
8/29/2014,97.204,-67.64
9/1/2014,97.379,-67.77
9/2/2014,97.465,-67.97
9/3/2014,97.947,-68.35
9/4/2014,98.409,-68.65
9/5/2014,98.557,-69.35
9/8/2014,98.418,-69.92
9/9/2014,97.738,-70.99
9/10/2014,97.838,-73.49
9/11/2014,97.459,-71.2
9/12/2014,97.01,-70.03
9/15/2014,96.765,-69.35
9/16/2014,97.428,-70.61
9/17/2014,97.085,-70.41
9/18/2014,97.719,-70.84
9/19/2014,97.33,-71.59
9/22/2014,96.562,-72.18
9/23/2014,96.257,-75.2
9/24/2014,96.886,-73.33
9/25/2014,95.564,-69.64
9/26/2014,95.797,-70.49
9/29/2014,95.458,-74.92
9/30/2014,95.901,-73.61
10/1/2014,95.146,-73.27
10/2/2014,95.441,-72.41
10/3/2014,95.227,-72.48
10/6/2014,95.327,-72.53
10/7/2014,95.256,-74.23
10/8/2014,95.557,-75.45
10/9/2014,94.71,-72.08
10/10/2014,93.496,-70.86
10/13/2014,93.722,-70.65
10/14/2014,93.283,-69.33
10/15/2014,93.518,-72.74
10/16/2014,93.117,-69.01
10/17/2014,93.458,-70.48
10/20/2014,93.938,-71.19
10/21/2014,93.94,-71.8
10/22/2014,94.057,-73.69
10/23/2014,94.865,-71.82
10/24/2014,95.116,-72.49
10/27/2014,94.901,-71.59
10/28/2014,95.773,-72.35
10/29/2014,95.799,-71.9
10/30/2014,96.479,-72.29
10/31/2014,98.817,-74.75
11/3/2014,99.004,-74.75
11/4/2014,99.272,-75.28
11/5/2014,98.523,-76.78
11/6/2014,98.613,-74.84
11/7/2014,98.976,-75.52
11/10/2014,99.029,-76.16
11/11/2014,100.564,-78.56
11/12/2014,100.691,-80.03
11/13/2014,100.976,-78.7
11/14/2014,101.748,-79.29
11/17/2014,101.58,-80.09
11/18/2014,101.898,-81.7
11/19/2014,101.667,-81.56
11/20/2014,101.902,-79.92
11/21/2014,102.123,-79.91
11/24/2014,101.923,-78.97
11/25/2014,100.63,-76.82
11/26/2014,100.645,-76.99
11/27/2014,100.571,-76.68
11/28/2014,100.91,-75.92
12/1/2014,100.536,-75.26
12/2/2014,100.682,-77.19
12/3/2014,100.69,-77.03
12/4/2014,100.426,-76.23
12/5/2014,101.045,-76.84
12/8/2014,100.09,-76.59
12/9/2014,99.263,-76.71
12/10/2014,98.005,-75.27
12/11/2014,98.142,-75.73
12/12/2014,97.958,-74.78
12/15/2014,96.77,-73.3
12/16/2014,95.667,-73.32
12/17/2014,96.37,-72.55
12/18/2014,97.033,-72.72
12/19/2014,97.15,-71.35
12/22/2014,97.616,-72.74
12/23/2014,97.815,-73.21
12/24/2014,97.722,-72.56
12/25/2014,97.514,-72.24
12/26/2014,97.732,-72.22
12/29/2014,98.089,-72.63
12/30/2014,97.743,-73.51
12/31/2014,97.814,-73.02
1/1/2015,97.982,-72.93
1/2/2015,97.472,-72.29
1/5/2015,96.705,-70.86
1/6/2015,95.712,-69.38
1/7/2015,96.341,-70.4
1/8/2015,97.203,-71.64
1/9/2015,97.205,-71.54
1/12/2015,96.54,-70.8
1/13/2015,96.294,-71.04
1/14/2015,95.622,-71.43
1/15/2015,95.471,-71.75
1/16/2015,96.685,-74.35
1/19/2015,96.535,-74.22
1/20/2015,97.083,-73.78
1/21/2015,95.376,-69.66
1/22/2015,95.106,-69.3
1/23/2015,93.19,-68.02
1/26/2015,93.877,-69.04
1/27/2015,93.542,-68.19
1/28/2015,92.719,-67.6
1/29/2015,91.807,-65.76
1/30/2015,91.215,-63.1
2/2/2015,91.754,-62.39
2/3/2015,91.617,-60.04
2/4/2015,90.929,-59.8
2/5/2015,91.651,-62.15
2/6/2015,92.877,-62.38
2/9/2015,92.558,-60.9
2/10/2015,92.791,-60.42
2/11/2015,92.979,-59.61
2/12/2015,92.128,-58.06
2/13/2015,92.146,-58.12
2/16/2015,92.09,-57.49
2/17/2015,93.24,-58.71
2/18/2015,92.78,-58.44
2/19/2015,92.679,-59.71
2/20/2015,93.346,-60.58
2/23/2015,92.7,-59.28
2/24/2015,93.176,-58.09
2/25/2015,93.738,-60.34
2/26/2015,93.144,-59.45
2/27/2015,93.41,-59.68
3/2/2015,93.291,-58.9
3/3/2015,93.594,-61.69
3/4/2015,93.56,-64.31
3/5/2015,93.493,-61.65
3/6/2015,93.229,-62.09
3/9/2015,93.317,-62.54
3/10/2015,92.368,-62.61
3/11/2015,92.25,-63.1
3/12/2015,93.48,-63.01
3/13/2015,92.713,-63.16
3/16/2015,92.715,-62.24
3/17/2015,92.452,-62.22
3/18/2015,93.411,-62.93
3/19/2015,92.382,-60.09
3/20/2015,93.337,-60.76
3/23/2015,94.356,-61.04
3/24/2015,94.328,-59.64
3/25/2015,93.738,-60.36
3/26/2015,93.3,-59.69
3/27/2015,92.351,-59.16
3/30/2015,91.903,-58.07
3/31/2015,91.381,-57.99
4/1/2015,91.013,-56.92
4/2/2015,90.889,-56.2
4/3/2015,90.818,-56.6
4/6/2015,90.753,-56.48
4/7/2015,91.811,-60.71
4/8/2015,92.313,-60.74
4/9/2015,92.758,-60.22
4/10/2015,92.365,-59.2
4/13/2015,91.172,-57.74
4/14/2015,91.048,-58.25
4/15/2015,91.522,-58.4
4/16/2015,92.877,-59.3
4/17/2015,92.544,-58.48
4/20/2015,92.057,-58.56
4/21/2015,92.276,-58.3
4/22/2015,92.999,-58.52
4/23/2015,93.016,-58.28
4/24/2015,93.084,-58.39
4/27/2015,93.542,-58.77
4/28/2015,95.369,-62.15
4/29/2015,95.311,-61.14
4/30/2015,94.359,-57.58
5/1/2015,94.342,-58.62
5/4/2015,94.138,-58.55
5/5/2015,95.187,-58.03
5/6/2015,95.198,-58.38
5/7/2015,94.676,-57.08
5/8/2015,94.983,-57.72
5/11/2015,94.753,-57.51
5/12/2015,95.621,-57.96
5/13/2015,96.669,-59.5
5/14/2015,96.303,-58.62
5/15/2015,95.868,-58.5
5/18/2015,95.876,-58.87
5/19/2015,95.518,-58.63
5/20/2015,95.562,-59.17
5/21/2015,95.554,-58.12
5/22/2015,95.098,-58
5/25/2015,95.111,-57.86
5/26/2015,95.229,-58.21
5/27/2015,95.59,-59.76
5/28/2015,94.814,-58.13
5/29/2015,94.911,-57.89
6/1/2015,94.905,-58.16
6/2/2015,96.467,-59.56
6/3/2015,96.751,-61.9
6/4/2015,95.614,-58.97
6/5/2015,95.782,-59.12
6/8/2015,95.888,-59.15
6/9/2015,95.634,-58.21
6/10/2015,95.207,-58.85
6/11/2015,95.712,-57.77
6/12/2015,95.381,-57.76
6/15/2015,95.837,-58.03
6/16/2015,95.622,-57.77
6/17/2015,95.643,-60.89
6/18/2015,95.916,-59.1
6/19/2015,95.366,-58.95
6/22/2015,95.339,-58.9
6/23/2015,95.885,-58.79
6/24/2015,95.415,-59.21
6/25/2015,95.663,-58.44
6/26/2015,94.845,-58.04
6/29/2015,94.098,-58.86
6/30/2015,94.415,-58.82
7/1/2015,94.161,-60.62
7/2/2015,93.936,-58.09
7/3/2015,92.346,-57.21
7/6/2015,91.924,-58.09
7/7/2015,91.313,-57.91
7/8/2015,89.681,-59.03
7/9/2015,90.366,-57.41
7/10/2015,91.397,-58.05
7/13/2015,91.426,-58.33
7/14/2015,91.953,-58.83
7/15/2015,91.327,-58.88
7/16/2015,91.921,-57.39
7/17/2015,91.432,-56.96
7/20/2015,91.619,-56.95
7/21/2015,91.924,-57.08
7/22/2015,91.44,-58.12
7/23/2015,91.146,-56.44
7/24/2015,90.174,-55.99
7/27/2015,89.597,-55.9
7/28/2015,90.647,-56.46
7/29/2015,90.416,-55.31
7/30/2015,90.531,-55.99
7/31/2015,90.521,-55.84
8/3/2015,90.363,-55.54
8/4/2015,91.789,-56.85
8/5/2015,91.84,-58.29
8/6/2015,91.639,-56.83
8/7/2015,92.161,-58.25
8/10/2015,92.389,-58.06
8/11/2015,91.387,-57.31
8/12/2015,91.653,-57.98
8/13/2015,91.575,-56.54
8/14/2015,91.704,-56.91
8/17/2015,91.697,-56.46
8/18/2015,91.329,-56.32
8/19/2015,90.968,-57.44
8/20/2015,90.536,-55.69
8/21/2015,89.29,-54.9
8/24/2015,84.746,-52.71
8/25/2015,84.71,-51.95
8/26/2015,85.411,-52.74
8/27/2015,86.727,-52.08
8/28/2015,87.306,-52.28
8/31/2015,86.232,-51.15
9/1/2015,83.785,-50.05
9/2/2015,84.697,-51.03
9/3/2015,84.258,-51
9/4/2015,82.172,-50.51
9/7/2015,82.594,-50.54
9/8/2015,84.074,-51.94
9/9/2015,84.571,-52.16
9/10/2015,85.298,-52.8
9/11/2015,85.508,-53.42
9/14/2015,85.817,-54.03
9/15/2015,85.999,-54.07
9/16/2015,86.771,-55.4
9/17/2015,86.088,-56.38
9/18/2015,86.248,-60.24
9/21/2015,85.968,-60.37
9/22/2015,85.185,-58.69
9/23/2015,84.238,-57.79
9/24/2015,84.353,-55.15
9/25/2015,84.701,-53.52
9/28/2015,83.82,-51.42
9/29/2015,83.626,-58.9
9/30/2015,84.122,-57.93
10/1/2015,84.296,-56.8
10/2/2015,84.526,-57.08
10/5/2015,85.317,-57.98
10/6/2015,86.147,-59.37
10/7/2015,86.5,-59.96
10/8/2015,87.062,-58.31
10/9/2015,88.194,-58.9
10/12/2015,88.374,-58.99
10/13/2015,86.754,-56.31
10/14/2015,86.754,-57.25
10/15/2015,87.137,-55.17
10/16/2015,86.783,-54.49
10/19/2015,86.613,-54.57
10/20/2015,86.997,-56.02
10/21/2015,86.473,-57.08
10/22/2015,86.994,-55.37
10/23/2015,87.666,-55.98
10/26/2015,87.782,-55.83
10/27/2015,86.635,-54.52
10/28/2015,86.152,-52.7
10/29/2015,85.681,-53.49
10/30/2015,86.089,-53.95
11/2/2015,86.291,-54.32
11/3/2015,86.999,-56.72
11/4/2015,86.911,-58.18
11/5/2015,86.97,-58.59
11/6/2015,86.765,-60.13
11/9/2015,86.799,-61.65
11/10/2015,86.603,-60.15
11/11/2015,86.76,-58.8
11/12/2015,87.37,-60.84
11/13/2015,87.376,-61.64
11/16/2015,87.417,-62.67
11/17/2015,87.799,-64.29
11/18/2015,87.912,-63.6
11/19/2015,88.387,-62.34
11/20/2015,88.857,-63.13
11/23/2015,88.343,-62.34
11/24/2015,88.91,-63.26
11/25/2015,89.005,-63.46
11/26/2015,88.569,-61.31
11/27/2015,88.353,-61.39
11/30/2015,88.973,-62.67
12/1/2015,89.987,-65.45
12/2/2015,90.068,-64.01
12/3/2015,90.017,-59.1
12/4/2015,90.358,-62.07
12/7/2015,89.662,-61.61
12/8/2015,88.695,-60.76
12/9/2015,87.795,-60.15
12/10/2015,88.508,-61.51
12/11/2015,86.984,-61.75
12/14/2015,87.677,-63.6
12/15/2015,87.518,-62.62
12/16/2015,88.395,-63.53
12/17/2015,87.364,-60.22
12/18/2015,86.929,-58.76
12/21/2015,87.116,-58.08
12/22/2015,87.588,-58.69
12/23/2015,87.479,-57.1
12/24/2015,87.47,-57.83
12/25/2015,87.3,-56.45
12/28/2015,87.288,-57.93
12/29/2015,87.877,-60.88
12/30/2015,87.814,-61.04
12/31/2015,87.596,-60.71
1/1/2016,88.085,-60.6
1/4/2016,85.891,-57.31
1/5/2016,85.26,-55.82
1/6/2016,83.78,-55.41
1/7/2016,82.503,-54.72
1/8/2016,81.529,-54.82
1/11/2016,82.37,-55.32
1/12/2016,82.187,-55.34
1/13/2016,81.86,-53.89
1/14/2016,82.46,-53.51
1/15/2016,80.27,-51.56
1/18/2016,80.565,-51.61
1/19/2016,81.268,-52.3
1/20/2016,80.778,-51.69
1/21/2016,82.382,-52.61
1/22/2016,83.184,-52.57
1/25/2016,82.276,-51.84
1/26/2016,82.957,-52.14
1/27/2016,83.393,-52.81
1/28/2016,84.174,-53.34
1/29/2016,85.817,-55.97
2/1/2016,86.059,-57.37
2/2/2016,84.44,-54.72
2/3/2016,84.521,-55.79
2/4/2016,84.087,-56.43
2/5/2016,82.619,-56.95
2/8/2016,82.1,-57.41
2/9/2016,81.379,-56.98
2/10/2016,80.406,-55.33
2/11/2016,79.922,-55.97
2/12/2016,80.508,-55.5
2/15/2016,81.802,-56.24
2/16/2016,81.124,-55.86
2/17/2016,81.977,-55.29
2/18/2016,81.054,-55.5
2/19/2016,80.526,-55.5
2/22/2016,81.593,-56.38
2/23/2016,80.742,-55.11
2/24/2016,80.731,-55.27
2/25/2016,81.771,-56.63
2/26/2016,81.237,-56.14
2/29/2016,80.481,-55.54
3/1/2016,81.802,-56.73
3/2/2016,82.779,-58.35
3/3/2016,83.581,-58.71
3/4/2016,84.629,-59.3
3/7/2016,84.737,-59.29
3/8/2016,83.781,-58.84
3/9/2016,84.851,-60.34
3/10/2016,84.38,-56.84
3/11/2016,86.126,-59.52
3/14/2016,85.534,-58.64
3/15/2016,84.394,-57.96
3/16/2016,85.003,-58.82
3/17/2016,85.197,-57.61
3/18/2016,84.862,-58.74
3/21/2016,84.85,-58.99
3/22/2016,85.644,-59.11
3/23/2016,84.639,-57.4
3/24/2016,84.991,-57.53
3/25/2016,84.892,-58.42
3/28/2016,85.586,-58.55
3/29/2016,85.959,-58.85
3/30/2016,86.245,-59.2
3/31/2016,86.195,-60.02
4/1/2016,85.686,-58.9
4/4/2016,84.669,-57.01
4/5/2016,83.24,-56.33
4/6/2016,83.428,-57.19
4/7/2016,81.209,-55.57
4/8/2016,81.63,-56.24
4/11/2016,81.999,-56.25
4/12/2016,83.401,-56.91
4/13/2016,83.678,-56.82
4/14/2016,84.182,-57.49
4/15/2016,84.008,-56.67
4/18/2016,84.335,-56.77
4/19/2016,85.328,-57.28
4/20/2016,85.613,-57.94
4/21/2016,84.699,-57.51
4/22/2016,86.169,-58.98
4/25/2016,85.789,-59.63
4/26/2016,86.247,-60.04
4/27/2016,84.591,-55.24
4/28/2016,82.423,-53.56
4/29/2016,80.969,-52.79
5/2/2016,81.564,-53.26
5/3/2016,79.771,-49.99
5/4/2016,79.787,-50.48
5/5/2016,80.076,-50.57
5/6/2016,78.909,-48.21
5/9/2016,79.247,-48.62
5/10/2016,80.455,-49.07
5/11/2016,79.958,-49.76
5/12/2016,79.855,-49.3
5/13/2016,78.99,-49.22
5/16/2016,79.471,-49.49
5/17/2016,79.944,-49.48
5/18/2016,79.667,-50
5/19/2016,79.478,-48.56
5/20/2016,79.556,-49.13
5/23/2016,78.897,-48.76
5/24/2016,79.014,-48.78
5/25/2016,79.32,-49.79
5/26/2016,79.313,-49.31
5/27/2016,79.283,-49.73
5/30/2016,79.816,-50.09
5/31/2016,80.091,-49.73
6/1/2016,79.492,-51.75
6/2/2016,78.701,-49.88
6/3/2016,78.49,-49.12
6/6/2016,79.234,-49.49
6/7/2016,80.091,-50.9
6/8/2016,79.93,-52.04
6/9/2016,79.581,-51.58
6/10/2016,78.886,-51.82
6/13/2016,78.497,-51.65
6/14/2016,78.08,-52.11
6/15/2016,78.527,-53.9
6/16/2016,76.769,-50.96
6/17/2016,76.981,-51.05
6/20/2016,77.509,-51.18
6/21/2016,78.042,-51.48
6/22/2016,78.324,-51.79
6/23/2016,80.816,-51.88
6/24/2016,76.311,-50.72
6/27/2016,74.754,-49.14
6/28/2016,75.896,-49.18
6/29/2016,76.621,-52.17
6/30/2016,76.898,-50.32
7/1/2016,76.854,-50.41
7/4/2016,77.308,-50.27
7/5/2016,75.926,-49.55
7/6/2016,76.182,-52.33
7/7/2016,75.361,-50.8
7/8/2016,76.097,-52
7/11/2016,77.429,-51.83
7/12/2016,79.807,-53.58
7/13/2016,79.495,-54.51
7/14/2016,80.396,-54.62
7/15/2016,79.475,-55.42
7/18/2016,80.587,-56.11
7/19/2016,79.64,-53.91
7/20/2016,79.92,-55.71
7/21/2016,79.306,-53.87
7/22/2016,79.209,-52.99
7/25/2016,79.03,-52.88
7/26/2016,78.506,-53.26
7/27/2016,78.954,-55.01
7/28/2016,78.98,-53.29
7/29/2016,77.527,-49.64
8/1/2016,77.171,-49.6
8/2/2016,76.764,-48.07
8/3/2016,76.823,-48.12
8/4/2016,77.196,-47.51
8/5/2016,77.576,-49.11
8/8/2016,78.384,-49.61
8/9/2016,78.173,-51.47
8/10/2016,78.011,-50.67
8/11/2016,78.498,-50.45
8/12/2016,77.522,-50.12
8/15/2016,77.701,-49.65
8/16/2016,77.189,-48.33
8/17/2016,76.766,-48.6
8/18/2016,76.776,-48.04
8/19/2016,76.438,-47.96
8/22/2016,76.515,-47.8
8/23/2016,76.336,-46.54
8/24/2016,76.476,-46.92
8/25/2016,76.578,-46
8/26/2016,77.023,-47.11
8/29/2016,77.143,-47.4
8/30/2016,77.322,-47.32
8/31/2016,77.757,-47.02
9/1/2016,77.969,-47.6
9/2/2016,78.677,-47.9
9/5/2016,78.427,-47.71
9/6/2016,78.424,-47.49
9/7/2016,78.071,-47.56
9/8/2016,78.339,-47.92
9/9/2016,77.438,-47.55
9/12/2016,77.057,-47.84
9/13/2016,76.543,-47.44
9/14/2016,76.503,-48.27
9/15/2016,76.72,-48.05
9/16/2016,76.598,-48.69
9/19/2016,76.799,-48.66
9/20/2016,76.845,-48.99
9/21/2016,76.475,-47.94
9/22/2016,77.013,-47.81
9/23/2016,77.033,-46.79
9/26/2016,76.612,-46.34
9/27/2016,77.001,-47.3
9/28/2016,77.458,-47.49
9/29/2016,77.147,-49.58
9/30/2016,77.617,-49.39
10/3/2016,77.998,-49.92
10/4/2016,78.404,-48.96
10/5/2016,78.89,-48.87
10/6/2016,78.846,-48.64
10/7/2016,78.083,-49.01
10/10/2016,78.814,-49.46
10/11/2016,78.03,-49.25
10/12/2016,78.804,-49.16
10/13/2016,78.491,-48.03
10/14/2016,79.325,-48.83
10/17/2016,79.242,-48.64
10/18/2016,79.624,-48.38
10/19/2016,79.869,-47.75
10/20/2016,79.29,-46.36
10/21/2016,78.958,-46.33
10/24/2016,79.296,-46.68
10/25/2016,79.694,-47.57
10/26/2016,79.936,-48.69
10/27/2016,79.892,-47.79
10/28/2016,79.606,-47.9
10/31/2016,79.766,-48.55
11/1/2016,79.696,-49.95
11/2/2016,79.126,-49.32
11/3/2016,79.107,-50
11/4/2016,79.135,-51.01
11/7/2016,80.733,-52.12
11/8/2016,81.629,-53.53
11/9/2016,80.678,-51.63
11/10/2016,81.331,-52.15
11/11/2016,80.516,-52.36
11/14/2016,81.905,-53.54
11/15/2016,82.547,-55.44
11/16/2016,81.593,-55.39
11/17/2016,81.567,-52.9
11/18/2016,81.382,-53.55
11/21/2016,81.65,-55.72
11/22/2016,82.264,-57.41
11/23/2016,83.091,-57.42
11/24/2016,83.954,-58.47
11/25/2016,84.288,-57.98
11/28/2016,83.752,-57.65
11/29/2016,84.101,-58.28
11/30/2016,84.526,-56.85
12/1/2016,84.603,-56.63
12/2/2016,84.641,-57.2
12/5/2016,85.067,-56.48
12/6/2016,85.073,-55.97
12/7/2016,85.117,-54.99
12/8/2016,85.106,-54.58
12/9/2016,85.902,-55.46
12/12/2016,86.232,-56.64
12/13/2016,86.384,-56.46
12/14/2016,86.68,-55.52
12/15/2016,86.958,-56.49
12/16/2016,86.148,-54.46
12/19/2016,84.838,-52.99
12/20/2016,85.561,-53.82
12/21/2016,85.072,-52.03
12/22/2016,84.822,-52.55
12/23/2016,84.161,-52.26
12/26/2016,84.19,-52.25
12/27/2016,84.372,-53.07
12/28/2016,84.16,-56.7
12/29/2016,84.129,-55.57
12/30/2016,84.219,-57.21
1/2/2017,84.463,-57.19
1/3/2017,85.003,-55.03
1/4/2017,85.396,-54.79
1/5/2017,84.656,-54.07
1/6/2017,85.411,-54.62
1/9/2017,85.325,-55.23
1/10/2017,85.311,-53.87
1/11/2017,85.882,-54.32
1/12/2017,85.846,-54.84
1/13/2017,85.874,-54.89
1/16/2017,85.382,-53.96
1/17/2017,85.214,-53.81
1/18/2017,86.046,-53.82
1/19/2017,86.846,-54.3
1/20/2017,86.629,-53.89
1/23/2017,85.475,-53.42
1/24/2017,86.266,-51.87
1/25/2017,85.772,-51.62
1/26/2017,86.299,-51.55
1/27/2017,86.906,-51.32
1/30/2017,85.957,-50.01
1/31/2017,85.562,-48.79
2/1/2017,85.912,-50.77
2/2/2017,86.377,-48.19
2/3/2017,86.496,-48.43
2/6/2017,85.59,-47.82
2/7/2017,85.724,-48.32
2/8/2017,85.571,-48.24
2/9/2017,86.355,-49.78
2/10/2017,86.894,-51.21
2/13/2017,86.898,-50.34
2/14/2017,87.561,-49.8
2/15/2017,88.024,-50.05
2/16/2017,87.114,-50.33
2/17/2017,86.506,-50.17
2/20/2017,86.959,-49.89
2/21/2017,87.252,-51.57
2/22/2017,87.281,-52.12
2/23/2017,86.891,-52.84
2/24/2017,86.061,-52.01
2/27/2017,86.48,-50.68
2/28/2017,86.346,-50.62
3/1/2017,87.305,-51.93
3/2/2017,86.64,-49.75
3/3/2017,86.616,-49.4
3/6/2017,86.317,-50.3
3/7/2017,86.482,-51.2
3/8/2017,86.085,-50.23
3/9/2017,86.277,-49.56
3/10/2017,86.582,-49.11
3/13/2017,86.977,-49.12
3/14/2017,86.744,-50.62
3/15/2017,87.404,-53.04
3/16/2017,86.997,-50.72
3/17/2017,86.804,-50.56
3/20/2017,87.006,-50.08
3/21/2017,85.918,-47.77
3/22/2017,85.355,-47.51
3/23/2017,84.616,-44.07
3/24/2017,84.875,-45.49
3/27/2017,84.299,-45.1
3/28/2017,84.84,-45.79
3/29/2017,85.164,-45.12
3/30/2017,85.513,-45.32
3/31/2017,84.978,-45.27
4/3/2017,84.333,-44.81
4/4/2017,83.777,-43.27
4/5/2017,83.799,-43.25
4/6/2017,83.607,-43.4
4/7/2017,83.299,-44.56
4/10/2017,83.219,-45.18
4/11/2017,82.204,-43.99
4/12/2017,82.009,-43.46
4/13/2017,82.562,-44.76
4/14/2017,82.324,-44.28
4/17/2017,82.661,-45.26
4/18/2017,81.972,-44.39
4/19/2017,81.61,-43.28
4/20/2017,82.285,-43.23
4/21/2017,82.296,-43.86
4/24/2017,83.087,-43.75
4/25/2017,83.71,-43.93
4/26/2017,83.011,-44.28
4/27/2017,83.056,-43.39
4/28/2017,83.518,-44.41
5/1/2017,84.164,-44.75
5/2/2017,84.388,-45.42
5/3/2017,83.691,-45.24
5/4/2017,83.324,-44.27
5/5/2017,83.626,-44.09
5/8/2017,83.652,-43.27
5/9/2017,83.706,-44.67
5/10/2017,84.195,-45
5/11/2017,84.019,-44.86
5/12/2017,83.74,-45.3
5/15/2017,84.352,-45.84
5/16/2017,84.008,-45.35
5/17/2017,82.36,-45.93
5/18/2017,82.71,-45.25
5/19/2017,83.004,-45.07
5/22/2017,83.205,-45.19
5/23/2017,83.585,-45.31
5/24/2017,83.664,-46.42
5/25/2017,83.367,-45.17
5/26/2017,82.913,-45.51
5/29/2017,82.79,-45.46
5/30/2017,82.752,-44.98
5/31/2017,82.31,-45.81
6/1/2017,82.129,-43.24
6/2/2017,82.18,-43.38
6/5/2017,82.696,-43.57
6/6/2017,82.129,-43.38
6/7/2017,82.907,-44.45
6/8/2017,83.039,-43.9
6/9/2017,83.088,-44.17
6/12/2017,82.917,-44.28
6/13/2017,82.963,-44.1
6/14/2017,83.15,-46.83
6/15/2017,84.073,-44.7
6/16/2017,84.479,-45.34
6/19/2017,84.758,-45.32
6/20/2017,84.483,-44.74
6/21/2017,84.131,-44.67
6/22/2017,83.96,-43.77
6/23/2017,84.215,-44.14
6/26/2017,84.848,-44.44
6/27/2017,85.198,-44.15
6/28/2017,85.795,-43.15
6/29/2017,86.187,-44.83
6/30/2017,86.422,-44.98
7/3/2017,86.86,-45.05
7/4/2017,86.144,-44.7
7/5/2017,86.119,-47.05
7/6/2017,85.887,-45.84
7/7/2017,86.637,-46.22
7/10/2017,86.746,-47.38
7/11/2017,87.021,-47.95
7/12/2017,86.89,-47.56
7/13/2017,87.572,-46.83
7/14/2017,88.105,-47.69
7/17/2017,87.852,-47.56
7/18/2017,88.717,-49.39
7/19/2017,89.036,-49.23
7/20/2017,89.057,-48.01
7/21/2017,87.97,-47.31
7/24/2017,88.035,-47.46
7/25/2017,88.803,-48.09
7/26/2017,89,-49.67
7/27/2017,88.641,-47.93
7/28/2017,88.403,-47.98
7/31/2017,88.237,-47.52
8/1/2017,87.945,-48.19
8/2/2017,88.229,-48.1
8/3/2017,87.479,-46.99
8/4/2017,87.752,-47.13
8/7/2017,87.634,-47.45
8/8/2017,87.321,-46.8
8/9/2017,86.82,-47.2
8/10/2017,85.999,-47.29
8/11/2017,86.2,-47.72
8/14/2017,86.077,-47.86
8/15/2017,86.559,-47.88
8/16/2017,87.325,-49.47
8/17/2017,86.4,-47.47
8/18/2017,86.567,-48.02
8/21/2017,86.523,-47.8
8/22/2017,86.684,-46.83
8/23/2017,86.19,-48.01
8/24/2017,86.581,-47.2
8/25/2017,86.76,-47.46
8/28/2017,87.002,-47.57
8/29/2017,87.266,-47.49
8/30/2017,87.143,-46.48
8/31/2017,87.4,-46.51
9/1/2017,87.869,-46.74
9/4/2017,87.171,-46.34
9/5/2017,87.004,-46.04
9/6/2017,87.38,-46.08
9/7/2017,87.275,-46.05
9/8/2017,86.863,-45.19
9/11/2017,87.83,-45.49
9/12/2017,88.354,-45.98
9/13/2017,88.23,-45.77
9/14/2017,88.244,-46.53
9/15/2017,88.699,-46.84
9/18/2017,88.814,-46.86
9/19/2017,89.385,-47.61
9/20/2017,90.128,-47.21
9/21/2017,89.229,-47.5
9/22/2017,89.174,-47.7
9/25/2017,88.676,-48.3
9/26/2017,88.522,-47.67
9/27/2017,88.563,-47.14
9/28/2017,88.269,-51.54
9/29/2017,88.133,-51.45
10/2/2017,88.263,-51.48
10/3/2017,88.426,-51.03
10/4/2017,88.671,-52.68
10/5/2017,87.948,-51.22
10/6/2017,87.499,-51.57
10/9/2017,87.37,-51.35
10/10/2017,87.46,-51.48
10/11/2017,87.616,-52.76
10/12/2017,87.811,-51.52
10/13/2017,88.183,-51.19
10/16/2017,88.077,-50.42
10/17/2017,88.029,-49.97
10/18/2017,88.613,-51.11
10/19/2017,88.663,-50.62
10/20/2017,88.741,-50.67
10/23/2017,88.554,-51.06
10/24/2017,88.577,-50.17
10/25/2017,87.621,-50.32
10/26/2017,87.316,-49.28
10/27/2017,87.267,-49.51
10/30/2017,87.015,-49.27
10/31/2017,87.006,-48.5
11/1/2017,87.641,-49.05
11/2/2017,87.993,-49.18
11/3/2017,87.265,-48.93
11/6/2017,87.454,-49.13
11/7/2017,87.161,-49.15
11/8/2017,87.423,-50.57
11/9/2017,87.141,-48.78
11/10/2017,86.974,-49.06
11/13/2017,86.612,-50.1
11/14/2017,86.582,-49.95
11/15/2017,85.659,-50.27
11/16/2017,85.782,-48.73
11/17/2017,84.807,-47.99
11/20/2017,85.034,-48.07
11/21/2017,85.213,-49.25
11/22/2017,84.718,-47.54
11/23/2017,84.806,-47.21
11/24/2017,84.947,-46.6
11/27/2017,84.456,-45.87
11/28/2017,84.67,-45.93
11/29/2017,84.744,-45.03
11/30/2017,85.154,-46.02
12/1/2017,85.396,-45.84
12/4/2017,85.413,-46.67
12/5/2017,85.658,-46.8
12/6/2017,84.934,-46.89
12/7/2017,84.941,-48.72
12/8/2017,85.211,-48.71
12/11/2017,85.472,-47.89
12/12/2017,85.82,-49.53
12/13/2017,85.943,-50.81
12/14/2017,86.158,-51.04
12/15/2017,86.102,-54.06
12/18/2017,86.26,-52.45
12/19/2017,86.505,-49.97
12/20/2017,86.938,-47.91
12/21/2017,87.283,-51.03
12/22/2017,87.314,-55
12/25/2017,87.403,-54.96
12/26/2017,87.505,-55.85
12/27/2017,88.049,-54.68
12/28/2017,87.989,-43.67
12/29/2017,88.03,-43.7
1/1/2018,87.918,-43.52
1/2/2018,87.92,-44.05
1/3/2018,88.156,-43.48
1/4/2018,88.663,-44.81
1/5/2018,88.903,-45.93
1/8/2018,88.684,-46.32
1/9/2018,88.139,-45.77
1/10/2018,87.397,-45.83
1/11/2018,87.803,-47.46
1/12/2018,87.92,-44.4
1/15/2018,88.047,-47.02
1/16/2018,87.929,-47.14
1/17/2018,88.694,-48.07
1/18/2018,88.892,-48.3
1/19/2018,88.534,-47.52
1/22/2018,88.924,-48.55
1/23/2018,88.248,-48.24
1/24/2018,88.043,-47.27
1/25/2018,87.806,-45.82
1/26/2018,88.053,-46.07
1/29/2018,88.195,-46.43
1/30/2018,87.913,-48.12
1/31/2018,87.96,-47.79
2/1/2018,87.957,-49.5
2/2/2018,87.311,-48.64
2/5/2018,85.947,-47.54
2/6/2018,86.622,-48.22
2/7/2018,85.521,-47.59
2/8/2018,84.608,-48.07
2/9/2018,85.012,-49.83
2/12/2018,85.426,-50.1
2/13/2018,84.747,-49.26
2/14/2018,84.814,-48.86
2/15/2018,84.325,-49.22
2/16/2018,83.957,-49.21
2/19/2018,84.349,-48.24
2/20/2018,84.615,-49.07
2/21/2018,84.112,-48.59
2/22/2018,83.758,-50.04
2/23/2018,83.827,-49.9
2/26/2018,83.993,-50.24
2/27/2018,83.605,-50.21
2/28/2018,82.801,-50.85
3/1/2018,82.4,-49.54
3/2/2018,82,-48.38
3/5/2018,82.473,-48.96
3/6/2018,83.085,-49.49
3/7/2018,82.999,-50.74
3/8/2018,82.736,-48.8
3/9/2018,83.818,-49.38
3/12/2018,83.775,-49.64
3/13/2018,83.768,-49.14
3/14/2018,83.756,-51.33
3/15/2018,82.926,-50.22
3/16/2018,81.783,-49
3/19/2018,81.889,-48.39
3/20/2018,81.854,-49.56
3/21/2018,82.357,-48.92
3/22/2018,80.993,-46.69
3/23/2018,80.623,-46.38
3/26/2018,81.664,-46.5
3/27/2018,80.894,-45.94
3/28/2018,81.854,-45.26
3/29/2018,81.708,-47.35
3/30/2018,81.614,-47.76
4/2/2018,81.138,-48.38
4/3/2018,81.926,-49.38
4/4/2018,82.389,-50.19
4/5/2018,82.517,-49.65
4/6/2018,82.161,-49.22
4/9/2018,82.181,-48.01
4/10/2018,83.206,-48.26
4/11/2018,82.817,-48.34
4/12/2018,83.231,-49.64
4/13/2018,83.363,-50.4
4/16/2018,83.34,-51.08
4/17/2018,83.104,-49.81
4/18/2018,83.475,-49.66
4/19/2018,82.991,-48.9
4/20/2018,82.595,-48.84
4/23/2018,82.662,-49.13
4/24/2018,82.738,-48.32
4/25/2018,82.778,-50.44
4/26/2018,82.569,-49.63
4/27/2018,82.672,-49.6
4/30/2018,82.34,-49.06
5/1/2018,82.294,-48.94
5/2/2018,82.303,-47.93
5/3/2018,82.248,-47.05
5/4/2018,82.27,-47.2
5/7/2018,82.008,-47.12
5/8/2018,81.351,-46.83
5/9/2018,81.877,-47.59
5/10/2018,82.402,-47.11
5/11/2018,82.497,-47.37
5/14/2018,82.53,-46.74
5/15/2018,82.456,-46.7
5/16/2018,82.969,-48.1
5/17/2018,83.199,-47.13
5/18/2018,83.191,-47.51
5/21/2018,84.194,-48.22
5/22/2018,84.018,-48.11
5/23/2018,83.213,-49.08
5/24/2018,82.775,-47.53
5/25/2018,82.583,-48.23
5/28/2018,82.57,-48.48
5/29/2018,81.635,-47.48
5/30/2018,82.505,-48.42
5/31/2018,82.356,-46.45
6/1/2018,82.909,-47.12
6/4/2018,83.97,-47.54
6/5/2018,83.624,-46.73
6/6/2018,84.484,-49.21
6/7/2018,83.624,-48.58
6/8/2018,83.26,-48.72
6/11/2018,83.733,-49.35
6/12/2018,83.587,-48.85
6/13/2018,83.619,-50.48
6/14/2018,82.73,-48.03
6/15/2018,82.349,-48.36
6/18/2018,82.064,-49.54
6/19/2018,81.246,-51.39
6/20/2018,81.308,-54.25
6/21/2018,81.158,-49.77
6/22/2018,81.829,-52.9
6/25/2018,81.385,-51.14
6/26/2018,81.368,-49.34
6/27/2018,80.938,-48.63
6/28/2018,81.233,-50.74
6/29/2018,82.008,-50.44
7/2/2018,81.39,-48.93
7/3/2018,81.674,-50
7/4/2018,81.6,-51.63
7/5/2018,81.735,-50.66
7/6/2018,82.072,-51.16
7/9/2018,82.758,-53.42
7/10/2018,82.79,-53.29
7/11/2018,82.511,-52.78
7/12/2018,83.371,-52.54
7/13/2018,83.431,-55.03
7/16/2018,83.308,-54.47
7/17/2018,83.404,-52.56
7/18/2018,83.497,-53.24
7/19/2018,82.764,-52.13
7/20/2018,82.627,-50.77
7/23/2018,82.186,-48.61
7/24/2018,82.512,-49.09
7/25/2018,82.734,-49.91
7/26/2018,82.048,-48.44
7/27/2018,82.159,-48.87
7/30/2018,82.252,-49.04
7/31/2018,83.022,-48.92
8/1/2018,82.726,-49.75
8/2/2018,82.175,-49.68
8/3/2018,82.324,-50.02
8/6/2018,82.292,-50.08
8/7/2018,82.653,-50.65
8/8/2018,82.477,-52.47
8/9/2018,81.905,-50.83
8/10/2018,80.945,-50.8
8/13/2018,80.495,-50.03
8/14/2018,80.484,-48.8
8/15/2018,80.173,-49.92
8/16/2018,80.526,-49.17
8/17/2018,80.827,-49.66
8/20/2018,80.771,-52.39
8/21/2018,81.262,-51.68
8/22/2018,81.245,-50.66
8/23/2018,80.661,-48.79
8/24/2018,81.518,-49.09
8/27/2018,81.652,-49.26
8/28/2018,81.599,-49.39
8/29/2018,81.642,-49.39
8/30/2018,80.613,-49.85
8/31/2018,79.821,-49.27
9/3/2018,80.123,-49.39
9/4/2018,79.958,-49.24
9/5/2018,80.224,-49.39
9/6/2018,79.742,-49.67
9/7/2018,78.872,-48.41
9/10/2018,79.063,-47.37
9/11/2018,79.476,-47.49
9/12/2018,79.774,-48
9/13/2018,80.52,-49.58
9/14/2018,80.152,-49.77
9/17/2018,80.299,-49.76
9/18/2018,81.118,-50.78
9/19/2018,81.553,-51
9/20/2018,82.024,-51.02
9/21/2018,82.089,-50.65
9/24/2018,81.812,-50.41
9/25/2018,81.908,-50.52
9/26/2018,81.818,-49.9
9/27/2018,81.715,-58.46
9/28/2018,82.129,-58.45
10/1/2018,82.296,-56.51
10/2/2018,81.7,-55.33
10/3/2018,81.352,-54.8
10/4/2018,80.611,-52.85
10/5/2018,80.203,-53.54
10/8/2018,80.143,-53
10/9/2018,80.227,-54.42
10/10/2018,79.2,-55.58
10/11/2018,79.903,-55.59
10/12/2018,79.812,-56.4
10/15/2018,79.696,-55.81
10/16/2018,80.165,-55.03
10/17/2018,80.079,-56.21
10/18/2018,79.652,-55.02
10/19/2018,80.111,-55.91
10/22/2018,79.893,-55.46
10/23/2018,79.676,-54.92
10/24/2018,79.246,-55.17
10/25/2018,79.589,-54.64
10/26/2018,79.354,-54.92
10/29/2018,79.294,-55.31
10/30/2018,80.371,-55.74
10/31/2018,79.888,-55.95
11/1/2018,81.221,-56.47
11/2/2018,81.425,-55.08
11/5/2018,81.621,-54.98
11/6/2018,82.198,-55.94
11/7/2018,82.598,-58.6
11/8/2018,82.772,-57.69
11/9/2018,82.243,-57.82
11/12/2018,81.66,-57.36
11/13/2018,82.151,-59.21
11/14/2018,82.178,-60
11/15/2018,82.688,-57.67
11/16/2018,82.731,-57.17
11/19/2018,82.1,-55.49
11/20/2018,81.352,-55.44
11/21/2018,82.118,-55.98
11/22/2018,81.936,-55.46
11/23/2018,81.693,-54.58
11/26/2018,82.012,-53.48
11/27/2018,82.208,-52.62
11/28/2018,83.057,-52.69
11/29/2018,83.056,-53.11
11/30/2018,82.978,-53.16
12/3/2018,83.628,-54.24
12/4/2018,82.765,-54.38
12/5/2018,82.277,-53.37
12/6/2018,81.517,-54.1
12/7/2018,81.208,-52.42
12/10/2018,81.48,-53.38
12/11/2018,81.687,-54.62
12/12/2018,81.789,-56.55
12/13/2018,82.115,-55.07
12/14/2018,81.348,-53.92
12/17/2018,81.015,-53.6
12/18/2018,80.798,-52.84
12/19/2018,79.958,-51.57
12/20/2018,79.106,-49.7
12/21/2018,78.325,-48.85
12/24/2018,77.851,-48.46
12/25/2018,77.613,-48.63
12/26/2018,78.706,-49.82
12/27/2018,78.072,-47.98
12/28/2018,77.665,-47.18
12/31/2018,77.308,-46.14
1/1/2019,77.388,-45.99
1/2/2019,76.065,-44.81
1/3/2019,75.43,-45.57
1/4/2019,77.167,-46.8
1/7/2019,77.708,-46.06
1/8/2019,77.644,-46
1/9/2019,77.556,-45.32
1/10/2019,77.912,-47.67
1/11/2019,78.294,-47.23
1/14/2019,77.837,-47.15
1/15/2019,78.275,-48.4
1/16/2019,78.202,-47.72
1/17/2019,78.588,-48.34
1/18/2019,78.678,-47.83
1/21/2019,78.506,-47.96
1/22/2019,77.91,-46.65
1/23/2019,78.271,-46.93
1/24/2019,77.771,-45.31
1/25/2019,78.652,-44.9
1/28/2019,78.351,-44.8
1/29/2019,78.277,-45.25
1/30/2019,79.032,-49.73
1/31/2019,79.19,-49.22
2/1/2019,79.384,-49.54
2/4/2019,79.414,-48.58
2/5/2019,79.555,-48.13
2/6/2019,78.136,-47.27
2/7/2019,77.99,-48.75
2/8/2019,77.788,-46.66
2/11/2019,77.948,-46.4
2/12/2019,78.393,-46.78
2/13/2019,78.698,-47.01
2/14/2019,78.502,-48.02
2/15/2019,78.895,-48.25
2/18/2019,78.869,-46.8
2/19/2019,79.26,-46.61
2/20/2019,79.418,-46.25
2/21/2019,78.503,-47.3
2/22/2019,78.892,-46.22
2/25/2019,79.608,-46.4
2/26/2019,79.467,-47.07
2/27/2019,79.244,-48.45
2/28/2019,79.02,-45.96
3/1/2019,79.228,-45.99
3/4/2019,79.246,-45.96
3/5/2019,79.265,-46.11
3/6/2019,78.599,-46.91
3/7/2019,78.282,-45.7
3/8/2019,78.326,-45.75
3/11/2019,78.629,-46.16
3/12/2019,78.857,-45.62
3/13/2019,78.868,-46.45
3/14/2019,78.906,-46.09
3/15/2019,78.982,-46.36
3/18/2019,79.155,-46.45
3/19/2019,78.963,-47.19
3/20/2019,78.775,-44.29
3/21/2019,78.812,-44.72
3/22/2019,77.835,-43.44
3/25/2019,78.215,-43.05
3/26/2019,78.936,-44.95
3/27/2019,78.29,-42.24
3/28/2019,78.281,-43.8
3/29/2019,78.667,-43.01
4/1/2019,79.195,-42.47
4/2/2019,78.72,-42.67
4/3/2019,79.298,-42.4
4/4/2019,79.422,-43.8
4/5/2019,79.377,-43.06
4/8/2019,79.454,-42.63
4/9/2019,79.173,-43.51
4/10/2019,79.612,-42.72
4/11/2019,79.547,-43.33
4/12/2019,80.342,-43.34
4/15/2019,80.366,-43.51
4/16/2019,80.368,-43
4/17/2019,80.426,-43.22
4/18/2019,80.051,-43.64
4/19/2019,80.041,-43.5
4/22/2019,79.86,-43.06
4/23/2019,79.44,-42.27
4/24/2019,78.646,-43.01
4/25/2019,78.326,-40.06
4/26/2019,78.619,-40.24
4/29/2019,78.796,-40.43
4/30/2019,78.551,-39.54
5/1/2019,78.138,-39.49
5/2/2019,78.065,-39.55
5/3/2019,78.017,-39.56
5/6/2019,77.438,-38.86
5/7/2019,77.313,-39.86
5/8/2019,76.944,-41.21
5/9/2019,76.716,-39.51
5/10/2019,76.975,-39.79
5/13/2019,75.906,-38.97
5/14/2019,76.115,-38.6
5/15/2019,75.932,-39.35
5/16/2019,75.714,-37.68
5/17/2019,75.598,-36.45
5/20/2019,76.026,-36.9
5/21/2019,76.062,-36.15
5/22/2019,75.939,-35.85
5/23/2019,75.629,-35.23
5/24/2019,75.715,-35.58
5/27/2019,75.757,-34.83
5/28/2019,75.729,-34.61
5/29/2019,75.807,-33.36
5/30/2019,75.768,-33.56
5/31/2019,75.124,-32.78
6/3/2019,75.398,-33.58
6/4/2019,75.606,-33.94
6/5/2019,75.589,-34.59
6/6/2019,75.63,-35.2
6/7/2019,75.743,-34.94
6/10/2019,75.483,-34.35
6/11/2019,75.547,-34.53
6/12/2019,75.18,-33.79
6/13/2019,74.952,-31.96
6/14/2019,74.609,-31.95
6/17/2019,74.382,-31.88
6/18/2019,74.577,-31.48
6/19/2019,74.394,-32.04
6/20/2019,74.283,-30.34
6/21/2019,74.351,-29.51
6/24/2019,74.712,-29.44
6/25/2019,74.604,-29.49
6/26/2019,75.289,-30.26
6/27/2019,75.549,-30.39
6/28/2019,75.705,-30.41
7/1/2019,75.529,-29.27
7/2/2019,75.463,-30.74
7/3/2019,75.79,-30.16
7/4/2019,75.711,-28.88
7/5/2019,75.712,-29.48
7/8/2019,75.806,-30.65
7/9/2019,75.413,-30.17
7/10/2019,75.488,-31.54
7/11/2019,75.67,-30.57
7/12/2019,75.765,-31.82
7/15/2019,75.965,-31.65
7/16/2019,75.902,-31.3
7/17/2019,75.668,-31.98
7/18/2019,75.917,-33.14
7/19/2019,75.843,-32.59
7/22/2019,75.893,-30.25
7/23/2019,75.816,-31.1
7/24/2019,75.481,-31.03
7/25/2019,75.516,-30.54
7/26/2019,75.117,-29.72
7/29/2019,75.077,-29.17
7/30/2019,74.644,-29.12
7/31/2019,74.452,-29.57
8/1/2019,72.997,-28.22
8/2/2019,72.495,-27.43
8/5/2019,71.587,-26.54
8/6/2019,71.969,-27.09
8/7/2019,71.818,-27.82
8/8/2019,72.161,-27.29
8/9/2019,71.723,-26.8
8/12/2019,71.09,-27.05
8/13/2019,72.568,-27.78
8/14/2019,71.461,-28.17
8/15/2019,71.91,-27.36
8/16/2019,72.122,-26.84
8/19/2019,72.134,-26.36
8/20/2019,72.002,-26.26
8/21/2019,72.299,-27.31
8/22/2019,71.913,-26.32
8/23/2019,71.221,-26.67
8/26/2019,71.903,-27.55
8/27/2019,71.398,-25.66
8/28/2019,71.46,-26.22
8/29/2019,71.673,-26.18
8/30/2019,71.587,-25.98
9/2/2019,71.346,-25.83
9/3/2019,71.625,-26.72
9/4/2019,72.32,-27.89
9/5/2019,72.874,-27.79
9/6/2019,73.202,-27.29
9/9/2019,73.594,-27.79
9/10/2019,73.783,-28.04
9/11/2019,73.997,-27.8
9/12/2019,74.22,-28.91
9/13/2019,74.371,-27.51
9/16/2019,74.233,-28.43
9/17/2019,74.236,-27.46
9/18/2019,74.049,-25.83
9/19/2019,73.384,-25.88
9/20/2019,72.776,-23.42
9/23/2019,72.842,-23.85
9/24/2019,72.824,-23.93
9/25/2019,72.749,-23.32
9/26/2019,72.768,-23.49
9/27/2019,73.01,-32.78
9/30/2019,72.952,-31.72
10/1/2019,72.237,-29.3
10/2/2019,71.882,-27.69
10/3/2019,72.077,-28.64
10/4/2019,72.385,-28.78
10/7/2019,72.209,-28.13
10/8/2019,72.052,-28.43
10/9/2019,72.277,-29.87
10/10/2019,73.002,-29.07
10/11/2019,73.558,-28.2
10/14/2019,73.448,-27.15
10/15/2019,73.507,-25.71
10/16/2019,73.51,-27.87
10/17/2019,74.152,-28.94
10/18/2019,74.355,-28.56
10/21/2019,74.593,-29.3
10/22/2019,74.376,-28.91
10/23/2019,74.497,-29
10/24/2019,74.058,-27.54
10/25/2019,74.143,-27.71
10/28/2019,74.508,-28.71
10/29/2019,74.746,-29.05
10/30/2019,75.136,-29.72
10/31/2019,74.479,-28.88
11/1/2019,74.702,-27.6
11/4/2019,74.745,-27.89
11/5/2019,75.247,-27.24
11/6/2019,75.024,-28.44
11/7/2019,75.385,-28.4
11/8/2019,74.938,-28.4
11/11/2019,74.704,-28.72
11/12/2019,74.575,-28.8
11/13/2019,74.408,-29.62
11/14/2019,73.575,-27.92
11/15/2019,74.188,-27.96
11/18/2019,74.008,-27.18
11/19/2019,74.106,-27.04
11/20/2019,73.881,-28.09
11/21/2019,73.726,-26.97
11/22/2019,73.723,-26.79
11/25/2019,73.829,-27.39
11/26/2019,74.021,-27.75
11/27/2019,74.233,-27.53
11/28/2019,74.144,-27.15
11/29/2019,74.042,-27.08
12/2/2019,74.306,-27.41
12/3/2019,74.387,-28.05
12/4/2019,74.564,-27.51
12/5/2019,74.319,-27.29
12/6/2019,74.272,-26.99
12/9/2019,74.067,-27.97
12/10/2019,74.028,-28.41
12/11/2019,74.652,-28.97
12/12/2019,75.518,-28.93
12/13/2019,75.189,-27.1
12/16/2019,75.425,-27.42
12/17/2019,75.02,-27.6
12/18/2019,75.084,-28.41
12/19/2019,75.307,-25.59
12/20/2019,75.514,-25.09
12/23/2019,75.726,-24.46
12/24/2019,75.71,-26.56
12/25/2019,75.671,-26.3
12/26/2019,76.145,-26.55
12/27/2019,76.454,-22.96
12/30/2019,76.164,-22.4
12/31/2019,76.235,-22.75
1/1/2020,76.235,-22.51
1/2/2020,75.908,-21.65
1/3/2020,75.13,-22.04
1/6/2020,75.209,-22.92
1/7/2020,74.503,-21.61
1/8/2020,74.923,-21.3
1/9/2020,75.117,-22.03
1/10/2020,75.536,-22.41
1/13/2020,75.9,-22.35
1/14/2020,75.913,-21.92
1/15/2020,75.867,-21.68
1/16/2020,75.991,-21.16
1/17/2020,75.746,-20.84
1/20/2020,75.725,-20.69
1/21/2020,75.203,-19.85
1/22/2020,75.18,-20.66
1/23/2020,74.971,-22.57
1/24/2020,74.58,-23.21
1/27/2020,73.622,-22.7
1/28/2020,73.809,-22.71
1/29/2020,73.628,-22.2
1/30/2020,73.229,-23.6
1/31/2020,72.508,-23.37
2/3/2020,72.733,-23.41
2/4/2020,73.803,-23.28
2/5/2020,74.093,-23.1
2/6/2020,74.031,-24.48
2/7/2020,73.229,-24.99
2/10/2020,73.402,-24.33
2/11/2020,73.708,-23.75
2/12/2020,74.172,-23.81
2/13/2020,73.796,-24.04
2/14/2020,73.685,-24.22
2/17/2020,73.768,-24.02
2/18/2020,73.476,-23.18
2/19/2020,74.354,-22.9
2/20/2020,74.156,-23.7
2/21/2020,73.943,-22.39
2/24/2020,73.125,-22.26
2/25/2020,72.762,-22.22
2/26/2020,72.269,-21.28
2/27/2020,71.996,-20.92
2/28/2020,70.365,-19.88
3/2/2020,70.805,-18.24
3/3/2020,70.521,-16.75
3/4/2020,71.261,-20.3
3/5/2020,70.211,-21.94
3/6/2020,69.881,-25.2
3/9/2020,67.428,-30.4
3/10/2020,68.716,-25.32
3/11/2020,67.778,-25.53
3/12/2020,65.249,-25.6
3/13/2020,66.678,-44.02
3/16/2020,64.767,-42.71
3/17/2020,64.609,-34.39
3/18/2020,62.408,-31.38
3/19/2020,63.582,-40.86
3/20/2020,64.246,-31.7
3/23/2020,64.946,-36.25
3/24/2020,66.265,-37.57
3/25/2020,66.269,-33.68
3/26/2020,66.453,-29.95
3/27/2020,66.544,-31.2
3/30/2020,66.533,-28.6
3/31/2020,65.945,-25.14
4/1/2020,65.073,-20.41
4/2/2020,65.391,-17.46
4/3/2020,65.06,-15.41
4/6/2020,66.489,-15.47
4/7/2020,67.1,-18.21
4/8/2020,67.805,-18.99
4/9/2020,68.783,-17.9
4/10/2020,68.864,-18.48
4/13/2020,68.785,-18.57
4/14/2020,69.074,-16.67
4/15/2020,67.902,-15.2
4/16/2020,68.281,-14.53
4/17/2020,68.454,-12.23
4/20/2020,68.196,-12.98
4/21/2020,67.701,-13.04
4/22/2020,68.124,-11.42
4/23/2020,68.543,-10.82
4/24/2020,68.712,-10.42
4/27/2020,69.333,-11.31
4/28/2020,69.372,-11.21
4/29/2020,69.937,-9.85
4/30/2020,69.788,-9.42
5/1/2020,68.622,-9.88
5/4/2020,68.598,-10.03
5/5/2020,68.548,-10.16
5/6/2020,67.923,-10.22
5/7/2020,69.03,-9.62
5/8/2020,69.683,-9.06
5/11/2020,69.866,-8.73
5/12/2020,69.33,-8.82
5/13/2020,69.094,-9.49
5/14/2020,69.3,-9.27
5/15/2020,68.665,-8.92
5/18/2020,70.031,-9.28
5/19/2020,70.406,-8.5
5/20/2020,70.939,-8.57
5/21/2020,70.647,-9
5/22/2020,70.362,-9.08
5/25/2020,70.503,-9
5/26/2020,71.545,-9.11
5/27/2020,71.35,-9.68
5/28/2020,71.439,-10.37
5/29/2020,71.916,-10.29
6/1/2020,73.136,-9.96
6/2/2020,74.957,-10.78
6/3/2020,75.371,-11.91
6/4/2020,75.78,-11.47
6/5/2020,76.368,-11.03
6/8/2020,76.126,-11.37
6/9/2020,75.01,-11.31
6/10/2020,74.965,-11.44
6/11/2020,73.252,-10.77
6/12/2020,73.718,-10.77
6/15/2020,74.271,-10.8
6/16/2020,73.934,-9.86
6/17/2020,73.665,-9.83
6/18/2020,73.297,-9.2
6/19/2020,73.054,-9.11
6/22/2020,73.857,-9.46
6/23/2020,73.822,-8.96
6/24/2020,73.527,-8.69
6/25/2020,73.824,-8.48
6/26/2020,73.61,-8.2
6/29/2020,73.857,-8.36
6/30/2020,74.505,-7.61
7/1/2020,74.317,-7.94
7/2/2020,74.433,-8.09
7/3/2020,74.615,-7.84
7/6/2020,74.865,-7.43
7/7/2020,74.69,-7.04
7/8/2020,74.883,-7.75
7/9/2020,74.651,-7.15
7/10/2020,74.302,-7.2
7/13/2020,74.461,-7.49
7/14/2020,74.801,-7.07
7/15/2020,74.939,-7.06
7/16/2020,74.778,-6.81
7/17/2020,74.876,-6.88
7/20/2020,75.261,-6.92
7/21/2020,76.124,-6.83
7/22/2020,76.516,-6.49
7/23/2020,75.854,-6.49
7/24/2020,75.41,-6.51
7/27/2020,75.335,-6.75
7/28/2020,75.219,-7.05
7/29/2020,75.416,-6.8
7/30/2020,75.347,-6.52
7/31/2020,75.586,-6.31
8/3/2020,75.479,-6.3
8/4/2020,75.701,-5.92
8/5/2020,75.943,-6.22
8/6/2020,76.368,-6.65
8/7/2020,75.82,-6.65
8/10/2020,75.753,-7.08
8/11/2020,76.072,-7.08
8/12/2020,76.569,-7.22
8/13/2020,76.439,-6.92
8/14/2020,76.444,-6.87
8/17/2020,76.475,-6.9
8/18/2020,76.35,-6.75
8/19/2020,76.22,-6.7
8/20/2020,76.095,-6.32
8/21/2020,75.773,-6.3
8/24/2020,75.904,-6.3
8/25/2020,76.543,-6.17
8/26/2020,76.663,-6.37
8/27/2020,77.36,-6.79
8/28/2020,77.607,-7
8/31/2020,78.116,-7.03
9/1/2020,78.113,-6.9
9/2/2020,77.923,-6.95
9/3/2020,77.237,-7.06
9/4/2020,77.363,-6.98
9/7/2020,77.331,-6.93
9/8/2020,76.49,-6.71
9/9/2020,77.334,-7.08
9/10/2020,77.031,-7.13
9/11/2020,77.323,-7.26
9/14/2020,77.057,-7.05
9/15/2020,76.992,-6.96
9/16/2020,76.672,-6.75
9/17/2020,76.589,-6.8
9/18/2020,76.225,-6.76
9/21/2020,75.596,-6.64
9/22/2020,75.234,-6.72
9/23/2020,74.525,-6.3
9/24/2020,74.275,-5.85
9/25/2020,74.238,-5.96
9/28/2020,74.609,-6.28
9/29/2020,75.34,-9.48
9/30/2020,75.542,-9.09
10/1/2020,75.813,-9.17
10/2/2020,75.423,-8.41
10/5/2020,75.937,-8.41
10/6/2020,75.018,-7.22
10/7/2020,75.652,-7.92
10/8/2020,75.991,-7.76
10/9/2020,76.467,-7.83
10/12/2020,75.934,-7.66
10/13/2020,75.53,-7.55
10/14/2020,75.323,-7.89
10/15/2020,74.803,-7.24
10/16/2020,74.631,-6.99
10/19/2020,74.515,-7.01
10/20/2020,74.357,-6.77
10/21/2020,74.437,-7.05
10/22/2020,74.638,-6.77
10/23/2020,74.762,-6.86
10/26/2020,74.677,-7.3
10/27/2020,74.435,-7.44
10/28/2020,73.491,-6.52
10/29/2020,73.522,-6.75
10/30/2020,73.557,-6.5
11/2/2020,73.917,-6.52
11/3/2020,74.858,-6.31
11/4/2020,75.022,-6.17
11/5/2020,75.388,-5.71
11/6/2020,75.021,-5.59
11/9/2020,76.732,-5.52
11/10/2020,76.7,-5.62
11/11/2020,76.754,-6.23
11/12/2020,76.031,-5.47
11/13/2020,76.071,-5.73
11/16/2020,76.548,-5.86
11/17/2020,76.064,-5.75
11/18/2020,75.846,-5.8
11/19/2020,75.58,-5.87
11/20/2020,75.85,-5.92
11/23/2020,76.169,-6.09
11/24/2020,76.875,-6.16
11/25/2020,76.942,-6.65
11/26/2020,76.765,-6.45
11/27/2020,76.894,-6.53
11/30/2020,76.607,-5.87
12/1/2020,76.906,-5.95
12/2/2020,77.433,-5.7
12/3/2020,77.271,-5.86
12/4/2020,77.369,-5.41
12/7/2020,77.205,-6.16
12/8/2020,77.189,-5.48
12/9/2020,77.577,-4.54
12/10/2020,78.543,-4.65
12/11/2020,78.397,-3.69
12/14/2020,78.386,-3.98
12/15/2020,78.361,-4.12
12/16/2020,78.379,-4.24
12/17/2020,78.6,-3.63
12/18/2020,78.758,-3.73
12/21/2020,78.369,-2.82
12/22/2020,77.953,-0.95
12/23/2020,78.462,-4.32
12/24/2020,78.713,-5.05
12/25/2020,78.729,-5.16
12/28/2020,78.678,-3.79
12/29/2020,78.777,-2.12
12/30/2020,79.314,-3.02
12/31/2020,79.469,-2.89
1/1/2021,79.474,-2.84
1/4/2021,79.056,-2.7
1/5/2021,79.713,-1.86
1/6/2021,80.409,-2.04
1/7/2021,80.645,-2.72
1/8/2021,80.737,-3.16
1/11/2021,80.231,-3.67
1/12/2021,80.647,-3.27
1/13/2021,80.331,-3.45
1/14/2021,80.743,-3.6
1/15/2021,80.01,-3.26
1/18/2021,79.651,-3.5
1/19/2021,79.962,-3.46
1/20/2021,80.214,-3.66
1/21/2021,80.354,-3.91
1/22/2021,80.054,-3.39
1/25/2021,80.035,-3.05
1/26/2021,80.278,-3.19
1/27/2021,79.766,-3.8
1/28/2021,80.039,-4.53
1/29/2021,80.032,-3.98
2/1/2021,79.976,-3.58
2/2/2021,79.861,-3.05
2/3/2021,80.012,-3.07
2/4/2021,80.223,-3.48
2/5/2021,80.916,-3.79
2/8/2021,81.07,-3.88
2/9/2021,80.924,-4.26
2/10/2021,80.766,-4.34
2/11/2021,81.217,-3.73
2/12/2021,81.431,-3.75
2/15/2021,81.995,-3.81
2/16/2021,82.229,-4.03
2/17/2021,82.055,-3.94
2/18/2021,82.098,-4.03
2/19/2021,82.98,-4.51
2/22/2021,83.181,-5.24
2/23/2021,83.266,-5.02
2/24/2021,84.337,-5.71
2/25/2021,83.636,-6.61
2/26/2021,82.126,-6.52
3/1/2021,82.986,-5.51
3/2/2021,83.432,-4.95
3/3/2021,83.207,-5.11
3/4/2021,83.385,-4.78
3/5/2021,83.276,-4.31
3/8/2021,83.306,-4.1
3/9/2021,83.743,-4.09
3/10/2021,83.846,-4.73
3/11/2021,84.519,-5.25
3/12/2021,84.623,-5.5
3/15/2021,84.629,-4.86
3/16/2021,84.43,-4.63
3/17/2021,84.859,-4.76
3/18/2021,84.494,-4.54
3/19/2021,84.29,-4.5
3/22/2021,84.305,-4.35
3/23/2021,82.792,-4.49
3/24/2021,82.438,-4.61
3/25/2021,82.762,-4.33
3/26/2021,83.792,-4.49
3/29/2021,83.824,-4.68
3/30/2021,83.835,-4.78
3/31/2021,84.098,-4.14
4/1/2021,84.247,-4.27
4/2/2021,84.165,-4.55
4/5/2021,84.324,-4.16
4/6/2021,84.098,-3.98
4/7/2021,83.628,-4.11
4/8/2021,83.625,-4.64
4/9/2021,83.56,-4.5
4/12/2021,83.39,-4.42
4/13/2021,83.359,-4.25
4/14/2021,84.142,-4.32
4/15/2021,84.304,-4.25
4/16/2021,84.151,-4.07
4/19/2021,83.896,-3.9
4/20/2021,83.487,-4.31
4/21/2021,83.777,-4.28
4/22/2021,83.214,-3.95
4/23/2021,83.56,-4.05
4/26/2021,84.306,-3.82
4/27/2021,84.451,-3.54
4/28/2021,84.614,-3.59
4/29/2021,84.596,-3.68
4/30/2021,84.335,-3.59
5/3/2021,84.658,-3.53
5/4/2021,84.266,-3.32
5/5/2021,84.601,-3.35
5/6/2021,84.914,-3.01
5/7/2021,85.179,-3.25
5/10/2021,85.21,-3.51
5/11/2021,85.166,-3.45
5/12/2021,84.738,-3.14
5/13/2021,84.604,-2.88
5/14/2021,85.095,-3.34
5/17/2021,84.827,-3.22
5/18/2021,84.827,-3.1
5/19/2021,84.392,-3.21
5/20/2021,84.581,-3.2
5/21/2021,84.216,-3.1
5/24/2021,84.317,-3.02
5/25/2021,84.345,-2.92
5/26/2021,84.514,-3.02
5/27/2021,85.057,-2.84
5/28/2021,84.715,-2.85
5/31/2021,84.751,-2.76
6/1/2021,84.894,-2.66
6/2/2021,84.941,-2.93
6/3/2021,84.488,-2.6
6/4/2021,84.773,-2.74
6/7/2021,84.722,-2.98
6/8/2021,84.729,-3.24
6/9/2021,84.771,-3.21
6/10/2021,84.765,-2.9
6/11/2021,84.519,-2.83
6/14/2021,84.893,-2.84
6/15/2021,84.606,-2.86
6/16/2021,84.252,-3.2
6/17/2021,83.253,-3.13
6/18/2021,82.439,-3.67
6/21/2021,83.176,-4.04
6/22/2021,83.599,-3.65
6/23/2021,84.07,-3.51
6/24/2021,84.081,-3.36
6/25/2021,84.129,-3.5
6/28/2021,83.71,-3.41
6/29/2021,83.033,-3.47
6/30/2021,83.316,-3.49
7/1/2021,83.318,-3.27
7/2/2021,83.566,-3.02
7/5/2021,83.565,-2.85
7/6/2021,82.917,-2.98
7/7/2021,82.77,-3.22
7/8/2021,81.572,-3.37
7/9/2021,82.496,-3.5
7/12/2021,82.537,-3.24
7/13/2021,82.383,-3.16
7/14/2021,82.259,-3.01
7/15/2021,81.538,-2.92
7/16/2021,81.587,-2.91
